record_id,leak_rate_t_per_day,leak_lps,node_id,mapping_status,snap_distance_m,join_confidence,in_main_scenario,exclusion_reason,geo_confidence,nearest_pipe,pipe_diameter_mm,location_type,material,leak_type,day_reported,day_completed
1,2.4,0.027777777777777776,3083,mapped_to_skeleton,1368.3183914270692,low,yes,,high,3084.0,152.40000000061,premise_network,PPR,visible,0,0
2,8.64,0.1,195,mapped_to_skeleton,1399.7273847665854,low,yes,,high,1373.0,600.0,municipal_main,PE,hidden,1,13
3,4.32,0.05,741,mapped_to_skeleton,147.9520732179866,high,yes,,high,1528.0,700.0,non_residential_main,PE,visible,2,2
4,40.8,0.47222222222222215,727,mapped_to_skeleton,1490.5028952202215,low,yes,,high,730.0,350.0,mid_zone_main,PE,visible,3,24
5,2.4,0.027777777777777776,195,mapped_to_skeleton,714.0295422101017,medium,yes,,high,1373.0,600.0,premise_network,PE,visible,3,58
6,4.8,0.05555555555555555,1047,mapped_to_skeleton,408.0576281235766,medium,yes,,high,1134.0,400.0,premise_network,PE,visible,3,23
7,81.6,0.9444444444444443,2063,mapped_to_skeleton,419.20402725054043,medium,yes,,high,1783.0,400.0,premise_network,PE,hidden,5,9
8,2.4,0.027777777777777776,720,mapped_to_skeleton,557.3965420711017,medium,yes,,high,726.0,350.0,premise_network,PE,hidden,6,7
9,4.32,0.05,291,mapped_to_skeleton,186.83875228815955,high,yes,,high,2329.0,400.0,premise_network,PE,visible,6,7
10,150.0,1.736111111111111,712,mapped_to_skeleton,1186.6401944792112,low,yes,,high,730.0,350.0,high_zone_main,PE,visible,10,10
11,92.0,1.0648148148148147,1522,mapped_to_skeleton,300.7083797886117,medium,yes,,high,1546.0,700.0,premise_network,PE,visible,10,12
12,48.0,0.5555555555555555,793,mapped_to_skeleton,296.2690066939166,medium,yes,,medium,1114.0,400.0,non_residential_main,PPR,visible,11,11
13,2.4,0.027777777777777776,2287,mapped_to_skeleton,516.3532333076544,medium,yes,,high,1783.0,400.0,premise_network,PPR,hidden,12,51
14,2.64,0.030555555555555555,2063,mapped_to_skeleton,419.20402725054043,medium,yes,,high,1783.0,400.0,premise_network,PE,hidden,13,16
15,0.1,0.0011574074074074073,793,mapped_to_skeleton,511.64329889643,medium,yes,,high,1114.0,400.0,premise_network,PPR,visible,14,23
16,4.8,0.05555555555555555,194,mapped_to_skeleton,202.02599799895034,high,yes,,high,1869.0,300.0,premise_network,PE,visible,15,23
17,91.2,1.0555555555555556,,unresolved_landmark,,low,no,proxy_geographic_anchor;unresolved_geographic_anchor,very_low,,,municipal_main,PE,hidden,19,24
18,16.0,0.18518518518518517,642,mapped_to_skeleton,411.4334835019235,medium,no,connection_to_pressurized_network_unverified,high,1907.0,300.0,abandoned_pipe,PPR,hidden,20,20
19,24.0,0.27777777777777773,1448,mapped_to_skeleton,197.53480683681502,high,yes,,high,2338.0,700.0,premise_network,UPVC,visible,20,22
20,91.2,1.0555555555555556,642,mapped_to_skeleton,411.4334835019235,medium,yes,,high,1907.0,300.0,premise_network,PPR,hidden,22,22
21,2.4,0.027777777777777776,2060,mapped_to_skeleton,353.08092158433544,medium,yes,,high,1908.0,400.0,premise_network,PPR,visible,23,25
22,0.5,0.005787037037037037,745,mapped_to_skeleton,193.4581854743773,high,no,connection_to_pressurized_network_unverified,high,2494.0,400.0,abandoned_pipe,PPR,visible,29,30
23,30.0,0.3472222222222222,183,mapped_to_skeleton,233.32581524106786,high,yes,,high,1852.0,200.0,premise_network,PPR,visible,30,30
24,43.2,0.5,642,mapped_to_skeleton,411.4334835019235,medium,yes,,high,1907.0,300.0,premise_network,PPR,hidden,34,34
25,17.28,0.2,642,mapped_to_skeleton,411.4334835019235,medium,yes,,high,1907.0,300.0,premise_network,PPR,hidden,34,34
26,2.4,0.027777777777777776,642,mapped_to_skeleton,411.4334835019235,medium,yes,,high,1907.0,300.0,premise_network,PPR,hidden,34,34
27,2.4,0.027777777777777776,642,mapped_to_skeleton,411.4334835019235,medium,yes,,high,1907.0,300.0,premise_network,PPR,hidden,34,34
28,2.4,0.027777777777777776,195,mapped_to_skeleton,714.0295422101017,medium,yes,,high,1373.0,600.0,premise_network,PE,visible,35,42
29,2.4,0.027777777777777776,745,mapped_to_skeleton,193.4581854743773,high,yes,,high,2494.0,400.0,fire_hydrant_branch,PE,visible,35,50
30,10.0,0.11574074074074073,,out_of_model_unresolved,,low,no,proxy_geographic_anchor;out_of_model_network_gap,very_low,,,premise_network,PE,visible,35,36
31,24.0,0.27777777777777773,195,mapped_to_skeleton,1267.2891979816566,low,yes,,high,1373.0,600.0,premise_network,PE,visible,36,47
32,5.0,0.057870370370370364,183,mapped_to_skeleton,233.32581524106786,high,no,connection_to_pressurized_network_unverified,high,1852.0,200.0,abandoned_pipe,PPR,visible,38,38
33,6.0,0.06944444444444443,642,mapped_to_skeleton,411.4334835019235,medium,no,connection_to_pressurized_network_unverified,high,1907.0,300.0,abandoned_pipe,PPR,hidden,39,39
34,6.0,0.06944444444444443,642,mapped_to_skeleton,411.4334835019235,medium,no,connection_to_pressurized_network_unverified,high,1907.0,300.0,abandoned_pipe,PPR,hidden,39,39
35,17.28,0.2,642,mapped_to_skeleton,411.4334835019235,medium,no,connection_to_pressurized_network_unverified,high,1907.0,300.0,abandoned_pipe,PPR,hidden,39,39
36,144.0,1.6666666666666665,2411,mapped_to_skeleton,212.27605560862543,high,yes,,high,2362.0,400.0,premise_network,PPR,visible,39,41
37,20.0,0.23148148148148145,1047,mapped_to_skeleton,166.7095136688581,high,yes,,high,1120.0,400.0,premise_network,PE,visible,41,44
38,7.68,0.08888888888888888,642,mapped_to_skeleton,411.4334835019235,medium,no,connection_to_pressurized_network_unverified,high,1907.0,300.0,abandoned_pipe,PPR,hidden,41,41
39,7.68,0.08888888888888888,642,mapped_to_skeleton,411.4334835019235,medium,no,connection_to_pressurized_network_unverified,high,1907.0,300.0,abandoned_pipe,PPR,hidden,41,41
40,1.92,0.02222222222222222,642,mapped_to_skeleton,411.4334835019235,medium,no,connection_to_pressurized_network_unverified,high,1907.0,300.0,abandoned_pipe,PPR,hidden,41,41
41,,,642,mapped_to_skeleton,411.4334835019235,medium,no,missing_leak_rate,high,1907.0,300.0,premise_network,PE,hidden,41,45
42,12.0,0.13888888888888887,1154,mapped_to_skeleton,242.723215111806,low,no,crs_sensitive_node_assignment,high,1880.0,400.0,service_connection,PPR,visible,42,42
43,12.0,0.13888888888888887,526,mapped_to_skeleton,365.3274582742602,medium,yes,,high,707.0,300.0,premise_network,PE,hidden,42,68
44,2.0,0.023148148148148147,668,mapped_to_skeleton,268.9806621392777,medium,yes,,high,601.0,200.0,premise_network,PPR,visible,44,46
45,12.0,0.13888888888888887,2063,mapped_to_skeleton,419.20402725054043,medium,yes,,high,1783.0,400.0,premise_network,PE,hidden,45,49
46,0.5,0.005787037037037037,175,mapped_to_skeleton,159.97484138077363,high,yes,,high,892.0,200.0,premise_network,PPR,visible,46,47
47,8.64,0.1,712,mapped_to_skeleton,1969.0782986912773,low,yes,,high,730.0,350.0,premise_network,PE,visible,46,54
48,0.5,0.005787037037037037,745,mapped_to_skeleton,193.4581854743773,high,yes,,high,2494.0,400.0,fire_hydrant,steel,visible,46,47
49,28.8,0.3333333333333333,818,mapped_to_skeleton,123.17440035959442,high,yes,,high,2362.0,400.0,premise_network,PE,hidden,47,52
50,0.5,0.005787037037037037,2460,mapped_to_skeleton,293.08752505699607,medium,yes,,high,2461.0,400.0,fire_hydrant,steel,visible,48,48
51,5.0,0.057870370370370364,,out_of_model_unresolved,,low,no,proxy_geographic_anchor;out_of_model_network_gap,very_low,,,premise_network,PE,visible,49,49
52,2.4,0.027777777777777776,983,mapped_to_skeleton,128.04633212160087,high,yes,,high,982.0,400.0,premise_network,PPR,hidden,53,58
53,4.32,0.05,983,mapped_to_skeleton,128.04633212160087,high,yes,,high,982.0,400.0,premise_network,iron,visible,57,60
54,124.8,1.4444444444444444,,unresolved_landmark,,low,no,proxy_geographic_anchor;unresolved_geographic_anchor,very_low,,,premise_network,PE,hidden,61,64
55,45.6,0.5277777777777778,,unresolved_landmark,,low,no,proxy_geographic_anchor;unresolved_geographic_anchor,very_low,,,municipal_main,PE,visible,62,63
56,4.32,0.05,,mapped_to_skeleton,825.1873635336059,low,no,proxy_geographic_anchor,very_low,709.0,350.0,municipal_main,PE,hidden,62,62
57,2.0,0.023148148148148147,,mapped_to_skeleton,123.17440035959442,high,no,connection_to_pressurized_network_unverified;proxy_geographic_anchor,low,2362.0,400.0,abandoned_pipe,iron,visible,63,94
58,4.8,0.05555555555555555,745,mapped_to_skeleton,193.4581854743773,high,yes,,high,2494.0,400.0,premise_network,PE,hidden,63,64
59,9.6,0.1111111111111111,206,mapped_to_skeleton,416.0993747044521,medium,yes,,high,405.0,200.0,premise_network,PE,hidden,63,70
60,12.0,0.13888888888888887,575,mapped_to_skeleton,563.4762035925817,medium,yes,,high,1883.0,300.0,premise_network,PPR,hidden,63,68
61,24.0,0.27777777777777773,712,mapped_to_skeleton,1969.0782986912773,low,yes,,high,730.0,350.0,premise_network,PE,hidden,68,84
62,48.0,0.5555555555555555,,unresolved_landmark,,low,no,proxy_geographic_anchor;unresolved_geographic_anchor,very_low,,,premise_network,PE,hidden,69,70
63,2.4,0.027777777777777776,2060,mapped_to_skeleton,353.08092158433544,medium,yes,,high,1908.0,400.0,premise_network,PE,visible,70,77
64,4.8,0.05555555555555555,668,mapped_to_skeleton,268.9806621392777,medium,yes,,high,601.0,200.0,premise_network,PPR,visible,71,72
65,12.0,0.13888888888888887,,mapped_to_skeleton,1070.144270498975,low,no,proxy_geographic_anchor,very_low,380.0,150.0,municipal_main,PE,hidden,76,78
66,2.4,0.027777777777777776,195,mapped_to_skeleton,834.8894909458566,low,yes,,high,1373.0,600.0,fire_hydrant_branch,PE,visible,84,91
67,2.4,0.027777777777777776,745,mapped_to_skeleton,193.4581854743773,high,yes,,high,2494.0,400.0,premise_network,PE,hidden,84,87
68,31.2,0.3611111111111111,3083,mapped_to_skeleton,1623.229856766403,low,yes,,high,3084.0,152.40000000061,mid_zone_main,PE,hidden,90,100
69,223.2,2.583333333333333,3083,mapped_to_skeleton,1623.229856766403,low,yes,,high,3084.0,152.40000000061,high_zone_main,PE,hidden,90,98
70,2.4,0.027777777777777776,727,mapped_to_skeleton,1242.1809195339877,low,yes,,high,730.0,350.0,premise_network,PE,hidden,90,90
71,19.2,0.2222222222222222,195,mapped_to_skeleton,590.5468167316411,medium,yes,,high,1373.0,600.0,mid_zone_main,PE,hidden,92,105
72,4.8,0.05555555555555555,712,mapped_to_skeleton,1186.6401944792112,low,yes,,high,730.0,350.0,mid_zone_main,PE,visible,92,103
73,9.6,0.1111111111111111,3083,mapped_to_skeleton,1623.229856766403,low,yes,,high,3084.0,152.40000000061,mid_zone_main,PE,hidden,98,107
74,2.4,0.027777777777777776,,mapped_to_skeleton,193.4581854743773,high,no,proxy_geographic_anchor,low,2494.0,400.0,service_connection,PPR,hidden,99,100
75,12.0,0.13888888888888887,1121,mapped_to_skeleton,40.176421167837454,high,yes,,high,1120.0,400.0,premise_network,PPR,hidden,106,110
76,0.1,0.0011574074074074073,1242,mapped_to_skeleton,287.70002656871816,medium,yes,,high,1241.0,500.0,fire_hydrant,steel,visible,112,113
77,0.5,0.005787037037037037,2072,mapped_to_skeleton,75.70253589192573,high,yes,,high,2073.0,200.0,premise_trunk,PE,visible,119,124
78,64.8,0.7499999999999999,3083,mapped_to_skeleton,1623.229856766403,low,yes,,high,3084.0,152.40000000061,mid_zone_main,PE,visible,119,125
79,14.4,0.16666666666666666,720,mapped_to_skeleton,557.3965420711017,medium,yes,,high,726.0,350.0,municipal_branch,PE,visible,125,129
80,14.4,0.16666666666666666,2411,mapped_to_skeleton,212.27605560862543,high,yes,,high,2362.0,400.0,premise_network,PPR,visible,126,126
81,1.2,0.013888888888888888,668,mapped_to_skeleton,268.9806621392777,medium,yes,,high,601.0,200.0,premise_network,PPR,visible,130,130
82,2.4,0.027777777777777776,979,mapped_to_skeleton,199.49871308237067,high,yes,,high,1065.0,400.0,premise_network,PE,hidden,131,132
83,0.1,0.0011574074074074073,793,mapped_to_skeleton,296.2690066939166,medium,no,connection_to_pressurized_network_unverified,high,1114.0,400.0,abandoned_pipe,PPR,visible,131,132
84,2.4,0.027777777777777776,712,mapped_to_skeleton,1340.9638701118013,low,yes,,high,709.0,350.0,municipal_branch,PE,hidden,141,147
85,88.8,1.0277777777777777,1154,mapped_to_skeleton,242.723215111806,low,no,crs_sensitive_node_assignment,high,1880.0,400.0,premise_network,PPR,hidden,142,146
86,57.6,0.6666666666666666,712,mapped_to_skeleton,1969.0782986912773,low,yes,,high,730.0,350.0,mid_zone_main,PE,hidden,145,150
87,2.4,0.027777777777777776,888,mapped_to_skeleton,334.93751191577144,medium,yes,,medium,1901.0,250.0,premise_network,PE,visible,153,156
88,96.0,1.111111111111111,818,mapped_to_skeleton,123.17440035959442,high,yes,,high,2362.0,400.0,mid_high_zone_main,PE,visible,153,156
89,19.2,0.2222222222222222,720,mapped_to_skeleton,557.3965420711017,medium,yes,,high,726.0,350.0,premise_network,PE,visible,154,161
90,120.0,1.3888888888888888,979,mapped_to_skeleton,199.49871308237067,high,yes,,high,1065.0,400.0,premise_network,PE,hidden,155,162
91,0.1,0.0011574074074074073,1448,mapped_to_skeleton,197.53480683681502,high,yes,,high,2338.0,700.0,fire_hydrant,steel,hidden,155,161
92,2.4,0.027777777777777776,2298,mapped_to_skeleton,254.72601112012134,medium,yes,,high,2299.0,150.0,premise_network,PPR,visible,157,157
93,16.8,0.19444444444444445,3083,mapped_to_skeleton,1623.229856766403,low,yes,,high,3084.0,152.40000000061,high_zone_main,PE,hidden,155,157
94,1.0,0.011574074074074073,,out_of_model,7150.840005067284,low,no,out_of_model_network_gap,medium,286.0,150.0,fire_hydrant,steel,visible,160,160
95,2.4,0.027777777777777776,304,mapped_to_skeleton,302.9058595227885,medium,yes,,high,323.0,200.0,premise_network,PE,visible,166,167
96,223.0,2.581018518518518,668,mapped_to_skeleton,268.9806621392777,medium,yes,,high,601.0,200.0,premise_network,iron,visible,170,170
97,12.0,0.13888888888888887,983,mapped_to_skeleton,128.04633212160087,high,no,connection_to_pressurized_network_unverified,high,982.0,400.0,abandoned_pipe,PVC,hidden,170,178
98,96.0,1.111111111111111,195,mapped_to_skeleton,366.4897289287745,medium,yes,,high,1373.0,600.0,mid_zone_main,PE,visible,171,177
99,2.4,0.027777777777777776,1154,mapped_to_skeleton,242.723215111806,low,no,crs_sensitive_node_assignment,high,1880.0,400.0,building_frontage_pipe,PPR,visible,173,174
100,36.0,0.41666666666666663,1154,mapped_to_skeleton,242.723215111806,low,no,crs_sensitive_node_assignment,high,1880.0,400.0,premise_network,PPR,hidden,174,176
101,12.0,0.13888888888888887,1154,mapped_to_skeleton,242.723215111806,low,no,connection_to_pressurized_network_unverified;crs_sensitive_node_assignment,high,1880.0,400.0,abandoned_pipe,PPR,hidden,180,182
102,12.0,0.13888888888888887,200,mapped_to_skeleton,557.6218402896269,medium,yes,,high,284.0,200.0,premise_network,PPR,visible,180,181
103,48.0,0.5555555555555555,3083,mapped_to_skeleton,1623.229856766403,low,yes,,high,3084.0,152.40000000061,high_zone_network,PE,hidden,182,184
104,7.2,0.08333333333333333,195,mapped_to_skeleton,714.0295422101017,medium,yes,,high,1373.0,600.0,premise_network,PE,visible,184,187
105,43.2,0.5,1154,mapped_to_skeleton,242.723215111806,low,no,crs_sensitive_node_assignment,high,1880.0,400.0,premise_network,PPR,hidden,187,192
106,71.4,0.826388888888889,1547,mapped_to_skeleton,295.45042144126853,medium,yes,,high,1546.0,700.0,premise_network,PPR,visible,191,191
107,413.0,4.780092592592593,2202,mapped_to_skeleton,276.733106842617,medium,no,connection_to_pressurized_network_unverified,high,2289.0,200.0,abandoned_pipe,PPR,visible,191,191
108,184.1,2.1307870370370368,1154,mapped_to_skeleton,242.723215111806,low,no,crs_sensitive_node_assignment,high,1880.0,400.0,premise_network,PPR,visible,191,191
109,40.0,0.4629629629629629,3083,mapped_to_skeleton,1368.3183914270692,low,yes,,high,3084.0,152.40000000061,premise_network,PPR,visible,191,191
110,105.6,1.222222222222222,745,mapped_to_skeleton,193.4581854743773,high,yes,,high,2494.0,400.0,premise_network,PE,visible,191,195
111,6.6,0.07638888888888888,1242,mapped_to_skeleton,287.70002656871816,medium,yes,,high,1241.0,500.0,premise_trunk,PE,visible,191,194
112,59.8,0.6921296296296295,1547,mapped_to_skeleton,455.83892719011686,medium,yes,,medium,1546.0,700.0,non_residential_main,iron,visible,191,193
113,66.3,0.767361111111111,741,mapped_to_skeleton,147.9520732179866,high,yes,,high,1528.0,700.0,non_residential_main,PE,visible,192,197
114,24.0,0.27777777777777773,2287,mapped_to_skeleton,516.3532333076544,medium,yes,,high,1783.0,400.0,premise_network,PE,visible,193,196
115,9.6,0.1111111111111111,1047,mapped_to_skeleton,166.7095136688581,high,yes,,high,1120.0,400.0,fire_hydrant,steel,visible,193,193
116,21.6,0.25,1154,mapped_to_skeleton,242.723215111806,low,no,crs_sensitive_node_assignment,high,1880.0,400.0,premise_network,PPR,hidden,194,197
117,24.0,0.27777777777777773,200,mapped_to_skeleton,557.6218402896269,medium,yes,,high,284.0,200.0,premise_network,PE,hidden,194,201
118,2.4,0.027777777777777776,2460,mapped_to_skeleton,93.21657629596375,high,yes,,high,2461.0,400.0,premise_network,iron,hidden,195,198
119,12.0,0.13888888888888887,3083,mapped_to_skeleton,1623.229856766403,low,yes,,high,3084.0,152.40000000061,mid_zone_main,PE,hidden,197,202
120,24.0,0.27777777777777773,2060,mapped_to_skeleton,353.08092158433544,medium,yes,,high,1908.0,400.0,premise_network,PE,hidden,197,198
121,31.2,0.3611111111111111,1154,mapped_to_skeleton,242.723215111806,low,no,crs_sensitive_node_assignment,high,1880.0,400.0,premise_network,PPR,hidden,202,207
122,38.4,0.4444444444444444,983,mapped_to_skeleton,128.04633212160087,high,yes,,high,982.0,400.0,premise_trunk,PE,hidden,202,210
123,0.2,0.0023148148148148147,793,mapped_to_skeleton,511.64329889643,medium,no,connection_to_pressurized_network_unverified,high,1114.0,400.0,abandoned_pipe,PPR,visible,203,203
124,24.0,0.27777777777777773,642,mapped_to_skeleton,411.4334835019235,medium,yes,,high,1907.0,300.0,premise_network,PPR,visible,203,203
125,2.4,0.027777777777777776,1547,mapped_to_skeleton,455.83892719011686,medium,no,connection_to_pressurized_network_unverified,high,1546.0,700.0,abandoned_pipe,PPR,hidden,203,203
126,55.2,0.6388888888888888,1547,mapped_to_skeleton,455.83892719011686,medium,yes,,high,1546.0,700.0,premise_network,PPR,hidden,203,204
127,26.4,0.3055555555555555,2060,mapped_to_skeleton,353.08092158433544,medium,yes,,high,1908.0,400.0,premise_trunk,PE,visible,204,205
128,0.1,0.0011574074074074073,,out_of_model,7150.840005067284,low,no,out_of_model_network_gap,medium,286.0,150.0,fire_hydrant,steel,visible,204,204
129,2.4,0.027777777777777776,3083,mapped_to_skeleton,1623.229856766403,low,yes,,high,3084.0,152.40000000061,mid_zone_main,PE,hidden,208,210
130,31.2,0.3611111111111111,727,mapped_to_skeleton,1490.5028952202215,low,yes,,high,730.0,350.0,premise_network,PE,visible,210,215
131,48.0,0.5555555555555555,1154,mapped_to_skeleton,242.723215111806,low,no,crs_sensitive_node_assignment,high,1880.0,400.0,premise_network,PE,hidden,211,219
132,62.4,0.7222222222222222,3083,mapped_to_skeleton,1623.229856766403,low,yes,,high,3084.0,152.40000000061,mid_zone_main,PE,hidden,211,219
133,12.0,0.13888888888888887,2063,mapped_to_skeleton,419.20402725054043,medium,yes,,high,1783.0,400.0,premise_network,PE,hidden,211,223
134,14.4,0.16666666666666666,1250,mapped_to_skeleton,41.300186447631205,high,yes,,high,1949.0,400.0,premise_network,PE,visible,212,215
135,4.8,0.05555555555555555,3083,mapped_to_skeleton,1623.229856766403,low,yes,,high,3084.0,152.40000000061,mid_zone_main,PE,hidden,212,214
136,2.4,0.027777777777777776,3083,mapped_to_skeleton,1623.229856766403,low,yes,,high,3084.0,152.40000000061,mid_zone_main,PE,hidden,212,215
137,2.4,0.027777777777777776,3083,mapped_to_skeleton,1623.229856766403,low,yes,,high,3084.0,152.40000000061,low_zone_main,PE,hidden,217,220
138,28.8,0.3333333333333333,1154,mapped_to_skeleton,242.723215111806,low,no,crs_sensitive_node_assignment,high,1880.0,400.0,premise_network,PPR,visible,218,220
139,141.6,1.6388888888888886,1242,mapped_to_skeleton,287.70002656871816,medium,yes,,high,1241.0,500.0,premise_network,PE,hidden,221,225
140,57.4,0.6643518518518517,888,mapped_to_skeleton,334.93751191577144,medium,yes,,medium,1901.0,250.0,premise_network,PE,visible,221,221
141,2.4,0.027777777777777776,206,mapped_to_skeleton,416.0993747044521,medium,yes,,high,405.0,200.0,premise_network,PPR,visible,222,222
142,14.4,0.16666666666666666,827,mapped_to_skeleton,367.3540257244313,medium,yes,,high,1783.0,400.0,premise_network,PE,visible,224,229
143,26.4,0.3055555555555555,1250,mapped_to_skeleton,41.300186447631205,high,yes,,high,1949.0,400.0,fire_hydrant_branch,PE,hidden,225,234
144,0.1,0.0011574074074074073,,unresolved_landmark,,low,no,proxy_geographic_anchor;unresolved_geographic_anchor,very_low,,,municipal_network,iron,visible,229,230
145,28.8,0.3333333333333333,1154,mapped_to_skeleton,242.723215111806,low,no,crs_sensitive_node_assignment,high,1880.0,400.0,premise_network,PPR,hidden,230,233
146,43.2,0.5,195,mapped_to_skeleton,366.4897289287745,medium,yes,,high,1373.0,600.0,premise_network,PE,hidden,231,251
147,2.4,0.027777777777777776,3083,mapped_to_skeleton,1623.229856766403,low,yes,,high,3084.0,152.40000000061,mid_zone_main,PE,hidden,233,235
148,19.2,0.2222222222222222,3083,mapped_to_skeleton,1623.229856766403,low,yes,,high,3084.0,152.40000000061,premise_network,PE,hidden,233,255
149,24.0,0.27777777777777773,712,mapped_to_skeleton,888.8582019894765,low,yes,,medium,730.0,350.0,non_residential_main,PE,visible,233,233
150,7.2,0.08333333333333333,3083,mapped_to_skeleton,1368.3183914270692,low,yes,,high,3084.0,152.40000000061,premise_trunk,PE,visible,233,246
151,2.4,0.027777777777777776,2060,mapped_to_skeleton,353.08092158433544,medium,no,connection_to_pressurized_network_unverified,high,1908.0,400.0,abandoned_pipe,iron,visible,236,236
152,72.0,0.8333333333333333,1249,mapped_to_skeleton,253.18980728933187,medium,yes,,high,1949.0,400.0,premise_network,PE,hidden,236,253
153,16.8,0.19444444444444445,2060,mapped_to_skeleton,353.08092158433544,medium,yes,,high,1908.0,400.0,premise_trunk,PE,hidden,237,260
154,2.4,0.027777777777777776,304,mapped_to_skeleton,302.9058595227885,medium,yes,,high,323.0,200.0,premise_network,PE,visible,238,252
155,14.4,0.16666666666666666,195,mapped_to_skeleton,714.0295422101017,medium,yes,,high,1373.0,600.0,mid_zone_main,PE,hidden,238,249
156,2.4,0.027777777777777776,194,mapped_to_skeleton,202.02599799895034,high,yes,,high,1869.0,300.0,premise_network,PE,hidden,238,251
157,5.0,0.057870370370370364,195,mapped_to_skeleton,1828.523979593735,low,yes,,high,1373.0,600.0,non_residential_main,PE,visible,241,248
158,16.8,0.19444444444444445,1249,mapped_to_skeleton,253.18980728933187,medium,yes,,high,1949.0,400.0,premise_network,PE,visible,242,251
159,0.5,0.005787037037037037,745,mapped_to_skeleton,193.4581854743773,high,yes,,high,2494.0,400.0,premise_network,PE,visible,242,246
160,0.1,0.0011574074074074073,,unresolved_landmark,,low,no,proxy_geographic_anchor;unresolved_geographic_anchor,very_low,,,non_residential_main,PE,hidden,243,244
161,60.0,0.6944444444444444,1547,mapped_to_skeleton,455.83892719011686,medium,yes,,high,1546.0,700.0,premise_network,PPR,visible,243,248
162,2.4,0.027777777777777776,642,mapped_to_skeleton,411.4334835019235,medium,yes,,high,1907.0,300.0,premise_network,PE,visible,243,244
163,38.4,0.4444444444444444,712,mapped_to_skeleton,1969.0782986912773,low,yes,,high,730.0,350.0,high_zone_main,PE,hidden,244,249
164,19.2,0.2222222222222222,195,mapped_to_skeleton,714.0295422101017,medium,yes,,high,1373.0,600.0,mid_zone_main,PE,hidden,244,249
165,33.6,0.3888888888888889,195,mapped_to_skeleton,590.5468167316411,medium,yes,,high,1373.0,600.0,premise_network,PE,hidden,246,257
166,2.4,0.027777777777777776,3083,mapped_to_skeleton,1623.229856766403,low,yes,,high,3084.0,152.40000000061,high_zone_main,PE,hidden,246,250
167,98.4,1.1388888888888888,,unresolved_landmark,,low,no,connection_to_pressurized_network_unverified;proxy_geographic_anchor;unresolved_geographic_anchor,very_low,,,abandoned_pipe,PE,hidden,246,250
168,9.6,0.1111111111111111,195,mapped_to_skeleton,590.5468167316411,medium,yes,,high,1373.0,600.0,premise_network,PE,hidden,246,249
169,259.2,2.9999999999999996,200,mapped_to_skeleton,757.308107915704,low,yes,,medium,284.0,200.0,municipal_main,cast_iron,visible,246,247
170,50.4,0.5833333333333333,3083,mapped_to_skeleton,1623.229856766403,low,yes,,high,3084.0,152.40000000061,mid_zone_main,PE,hidden,250,254
171,31.2,0.3611111111111111,1437,mapped_to_skeleton,300.7457997133529,medium,yes,,high,1785.0,600.0,building_frontage_pipe,PPR,visible,251,271
172,21.6,0.25,2287,mapped_to_skeleton,516.3532333076544,medium,yes,,high,1783.0,400.0,premise_network,PE,hidden,254,260
173,7.2,0.08333333333333333,1192,mapped_to_skeleton,168.86342567800517,high,yes,,high,1763.0,500.0,premise_network,PE,hidden,258,263
174,2.4,0.027777777777777776,1192,mapped_to_skeleton,168.86342567800517,high,yes,,high,1763.0,500.0,premise_network,PE,hidden,258,264
175,0.2,0.0023148148148148147,2391,mapped_to_skeleton,208.70075620301134,high,no,connection_to_pressurized_network_unverified,high,2395.0,50.0,abandoned_pipe,iron,hidden,259,264
176,2.0,0.023148148148148147,,out_of_model,7150.840005067284,low,no,out_of_model_network_gap,medium,286.0,150.0,fire_hydrant,steel,visible,260,260
177,64.8,0.7499999999999999,712,mapped_to_skeleton,1237.9314020293027,low,yes,,high,709.0,350.0,premise_network,PE,hidden,261,277
178,10.0,0.11574074074074073,,unresolved_landmark,,low,no,proxy_geographic_anchor;unresolved_geographic_anchor,very_low,,,non_residential_main,PE,visible,267,267
179,0.1,0.0011574074074074073,727,mapped_to_skeleton,1242.1809195339877,low,yes,,high,730.0,350.0,fire_hydrant,steel,visible,267,267
180,0.1,0.0011574074074074073,,mapped_to_skeleton,104.47322397290816,high,no,proxy_geographic_anchor,low,2400.0,400.0,non_residential_main,PE,hidden,268,268
181,2.4,0.027777777777777776,2063,mapped_to_skeleton,419.20402725054043,medium,yes,,high,1783.0,400.0,non_residential_main,PE,hidden,272,348
182,40.0,0.4629629629629629,1522,mapped_to_skeleton,470.7791450786836,medium,yes,,high,1546.0,700.0,non_residential_main,PE,visible,275,275
183,19.2,0.2222222222222222,1154,mapped_to_skeleton,242.723215111806,low,no,crs_sensitive_node_assignment,high,1880.0,400.0,building_frontage_pipe,PPR,hidden,276,289
184,2.4,0.027777777777777776,1192,mapped_to_skeleton,168.86342567800517,high,yes,,high,1763.0,500.0,premise_network,PE,hidden,276,286
185,2.4,0.027777777777777776,946,mapped_to_skeleton,536.7357524214764,medium,yes,,medium,2008.0,400.0,municipal_branch,PE,hidden,276,297
186,20.0,0.23148148148148145,818,mapped_to_skeleton,123.17440035959442,high,yes,,high,2362.0,400.0,high_zone_main,PE,visible,282,283
187,72.0,0.8333333333333333,888,mapped_to_skeleton,334.93751191577144,medium,yes,,medium,1901.0,250.0,premise_network,PPR,visible,283,285
188,50.0,0.5787037037037037,195,mapped_to_skeleton,1608.5263503762094,low,yes,,high,1373.0,600.0,mid_zone_main,PE,visible,285,290
189,86.4,1.0,727,mapped_to_skeleton,1490.5028952202215,low,yes,,high,730.0,350.0,high_zone_main,PE,hidden,285,288
190,7.2,0.08333333333333333,195,mapped_to_skeleton,714.0295422101017,medium,yes,,high,1373.0,600.0,high_zone_main,PE,hidden,287,314
191,7.2,0.08333333333333333,983,mapped_to_skeleton,128.04633212160087,high,yes,,high,982.0,400.0,premise_trunk,PE,hidden,287,342
192,4.8,0.05555555555555555,888,mapped_to_skeleton,334.93751191577144,medium,yes,,medium,1901.0,250.0,premise_network,PE,visible,292,294
193,2.4,0.027777777777777776,,mapped_to_skeleton,193.4581854743773,high,no,proxy_geographic_anchor,low,2494.0,400.0,building_frontage_pipe,PPR,visible,293,294
194,88.8,1.0277777777777777,195,mapped_to_skeleton,366.4897289287745,medium,yes,,high,1373.0,600.0,mid_zone_main,PE,hidden,293,300
195,2.4,0.027777777777777776,3083,mapped_to_skeleton,1623.229856766403,low,yes,,high,3084.0,152.40000000061,mid_zone_main,PE,hidden,294,295
196,72.0,0.8333333333333333,712,mapped_to_skeleton,1186.6401944792112,low,yes,,high,730.0,350.0,high_zone_main,PE,visible,295,297
197,4.8,0.05555555555555555,195,mapped_to_skeleton,714.0295422101017,medium,yes,,high,1373.0,600.0,premise_network,PE,hidden,295,300
198,24.0,0.27777777777777773,195,mapped_to_skeleton,847.2390555616561,low,yes,,high,1373.0,600.0,mid_zone_main,PE,hidden,299,320
199,127.2,1.472222222222222,3083,mapped_to_skeleton,1623.229856766403,low,yes,,high,3084.0,152.40000000061,mid_zone_main,PE,hidden,300,306
200,2.4,0.027777777777777776,3083,mapped_to_skeleton,1623.229856766403,low,yes,,high,3084.0,152.40000000061,mid_zone_main,PE,hidden,300,303
201,2.4,0.027777777777777776,727,mapped_to_skeleton,1242.1809195339877,low,yes,,high,730.0,350.0,premise_network,PE,visible,300,303
202,4.8,0.05555555555555555,,unresolved_landmark,,low,no,proxy_geographic_anchor;unresolved_geographic_anchor,very_low,,,non_residential_main,PE,visible,301,336
203,72.0,0.8333333333333333,195,mapped_to_skeleton,366.4897289287745,medium,yes,,high,1373.0,600.0,high_zone_main,PE,hidden,302,315
204,69.6,0.8055555555555555,195,mapped_to_skeleton,847.2390555616561,low,yes,,high,1373.0,600.0,non_residential_main,PE,visible,303,309
205,2.4,0.027777777777777776,793,mapped_to_skeleton,511.64329889643,medium,yes,,high,1114.0,400.0,premise_network,PE,hidden,307,320
206,4.8,0.05555555555555555,712,mapped_to_skeleton,1969.0782986912773,low,yes,,high,730.0,350.0,high_zone_main,PE,hidden,308,337
207,24.0,0.27777777777777773,,unresolved_landmark,,low,no,proxy_geographic_anchor;unresolved_geographic_anchor,very_low,,,municipal_branch,PE,hidden,309,328
208,9.6,0.1111111111111111,1242,mapped_to_skeleton,287.70002656871816,medium,yes,,high,1241.0,500.0,premise_network,PE,hidden,314,329
209,84.0,0.9722222222222222,2063,mapped_to_skeleton,419.20402725054043,medium,yes,,high,1783.0,400.0,building_frontage_pipe,PE,visible,315,316
210,69.6,0.8055555555555555,793,mapped_to_skeleton,296.2690066939166,medium,yes,,medium,1114.0,400.0,premise_network,PE,hidden,315,318
211,16.8,0.19444444444444445,3083,mapped_to_skeleton,1623.229856766403,low,yes,,high,3084.0,152.40000000061,mid_zone_main,PE,visible,316,351
212,0.1,0.0011574074074074073,979,mapped_to_skeleton,199.49871308237067,high,yes,,high,1065.0,400.0,premise_network,PPR,hidden,318,325
213,2.0,0.023148148148148147,1547,mapped_to_skeleton,455.83892719011686,medium,yes,,medium,1546.0,700.0,municipal_branch,PE,visible,320,323
214,0.2,0.0023148148148148147,195,mapped_to_skeleton,1125.0185088820283,low,yes,,high,1373.0,600.0,mid_zone_main,PE,hidden,322,343
215,0.1,0.0011574074074074073,1522,mapped_to_skeleton,470.7791450786836,medium,no,connection_to_pressurized_network_unverified,high,1546.0,700.0,abandoned_pipe,PPR,hidden,322,325
216,2.0,0.023148148148148147,,mapped_to_skeleton,353.08092158433544,medium,no,proxy_geographic_anchor,very_low,1908.0,400.0,non_residential_main,PE,visible,323,328
217,3.0,0.03472222222222222,1067,mapped_to_skeleton,53.92269723297033,high,yes,,high,982.0,400.0,fire_hydrant_branch,PVC,visible,326,328
218,14.4,0.16666666666666666,888,mapped_to_skeleton,334.93751191577144,medium,yes,,high,1901.0,250.0,premise_network,PE,visible,327,336
219,33.6,0.3888888888888889,1154,mapped_to_skeleton,242.723215111806,low,no,crs_sensitive_node_assignment,high,1880.0,400.0,premise_network,PPR,hidden,328,339
220,2.4,0.027777777777777776,188,mapped_to_skeleton,288.7379565374133,medium,yes,,high,1935.0,250.0,fire_hydrant,iron,hidden,328,364
221,2.4,0.027777777777777776,1154,mapped_to_skeleton,242.723215111806,low,no,crs_sensitive_node_assignment,high,1880.0,400.0,premise_network,PPR,hidden,328,340
222,0.1,0.0011574074074074073,,mapped_to_skeleton,32.91877985300234,high,no,connection_to_pressurized_network_unverified;proxy_geographic_anchor,very_low,2213.0,40.0,equipment,unknown,visible,329,360
223,2.4,0.027777777777777776,2287,mapped_to_skeleton,516.3532333076544,medium,yes,,medium,1783.0,400.0,fire_hydrant,steel,visible,330,331
224,0.1,0.0011574074074074073,793,mapped_to_skeleton,296.2690066939166,medium,yes,,medium,1114.0,400.0,fire_hydrant,steel,visible,331,331
225,0.1,0.0011574074074074073,793,mapped_to_skeleton,296.2690066939166,medium,yes,,medium,1114.0,400.0,fire_hydrant,steel,visible,333,333
226,72.0,0.8333333333333333,2204,mapped_to_skeleton,129.1154098705854,high,yes,,high,1122.0,400.0,fire_hydrant,steel,hidden,337,343
227,2.4,0.027777777777777776,745,mapped_to_skeleton,193.4581854743773,high,yes,,high,2494.0,400.0,premise_network,PPR,visible,338,347
228,0.1,0.0011574074074074073,727,mapped_to_skeleton,1242.1809195339877,low,yes,,high,730.0,350.0,fire_hydrant,steel,visible,338,339
229,0.1,0.0011574074074074073,194,mapped_to_skeleton,202.02599799895034,high,yes,,high,1869.0,300.0,building_frontage_pipe,PPR,visible,338,339
230,31.2,0.3611111111111111,642,mapped_to_skeleton,411.4334835019235,medium,yes,,high,1907.0,300.0,premise_trunk,PE,visible,338,340
231,55.2,0.6388888888888888,,unresolved_landmark,,low,no,proxy_geographic_anchor;unresolved_geographic_anchor,very_low,,,premise_trunk,PE,hidden,341,355
232,2.4,0.027777777777777776,200,mapped_to_skeleton,557.6218402896269,medium,yes,,high,284.0,200.0,building_frontage_pipe,PPR,hidden,341,346
233,2.0,0.023148148148148147,727,mapped_to_skeleton,1242.1809195339877,low,yes,,high,730.0,350.0,mid_high_zone_main,PE,visible,342,357
234,43.2,0.5,195,mapped_to_skeleton,714.0295422101017,medium,yes,,high,1373.0,600.0,high_zone_main,PE,visible,342,351
235,2.4,0.027777777777777776,195,mapped_to_skeleton,834.8894909458566,low,yes,,high,1373.0,600.0,premise_network,PE,hidden,343,348
236,24.0,0.27777777777777773,195,mapped_to_skeleton,1145.1349786005164,low,yes,,high,1373.0,600.0,municipal_main,PE,visible,343,344
237,2.4,0.027777777777777776,2063,mapped_to_skeleton,419.20402725054043,medium,yes,,high,1783.0,400.0,non_residential_main,PE,visible,343,348
238,0.1,0.0011574074074074073,200,mapped_to_skeleton,557.6218402896269,medium,no,connection_to_pressurized_network_unverified,high,284.0,200.0,abandoned_pipe,PPR,visible,344,346
239,5.0,0.057870370370370364,2287,mapped_to_skeleton,516.3532333076544,medium,yes,,high,1783.0,400.0,premise_network,PPR,visible,344,345
240,8.0,0.09259259259259259,1250,mapped_to_skeleton,41.300186447631205,high,yes,,high,1949.0,400.0,non_residential_main,PE,visible,347,347
241,2.4,0.027777777777777776,575,mapped_to_skeleton,563.4762035925817,medium,yes,,high,1883.0,300.0,premise_network,PPR,hidden,348,359
242,2.4,0.027777777777777776,2460,mapped_to_skeleton,430.75758025761684,medium,yes,,high,2461.0,400.0,premise_network,PE,hidden,348,364
243,48.0,0.5555555555555555,3083,mapped_to_skeleton,1623.229856766403,low,yes,,high,3084.0,152.40000000061,high_zone_main,PE,hidden,349,358
244,300.0,3.472222222222222,2202,mapped_to_skeleton,276.733106842617,medium,no,connection_to_pressurized_network_unverified,high,2289.0,200.0,abandoned_pipe,PPR,visible,350,350
245,2.4,0.027777777777777776,1250,mapped_to_skeleton,41.300186447631205,high,yes,,high,1949.0,400.0,premise_network,PPR,hidden,352,361
246,340.0,3.935185185185185,2298,mapped_to_skeleton,254.72601112012134,medium,yes,,high,2299.0,150.0,premise_trunk,PE,visible,354,354
247,2.4,0.027777777777777776,195,mapped_to_skeleton,590.5468167316411,medium,yes,,high,1373.0,600.0,premise_network,PE,visible,354,355
248,60.0,0.6944444444444444,,unresolved_landmark,,low,no,proxy_geographic_anchor;unresolved_geographic_anchor,very_low,,,non_residential_main,PE,visible,355,362
249,2.4,0.027777777777777776,179,mapped_to_skeleton,86.3072592736937,high,yes,,medium,1095.0,400.0,municipal_network,PE,hidden,357,358
250,2.4,0.027777777777777776,179,mapped_to_skeleton,86.3072592736937,high,yes,,medium,1095.0,400.0,municipal_network,PE,visible,357,364
251,0.1,0.0011574074074074073,720,mapped_to_skeleton,557.3965420711017,medium,yes,,high,726.0,350.0,fire_hydrant,steel,visible,359,359
252,7.2,0.08333333333333333,2060,mapped_to_skeleton,353.08092158433544,medium,yes,,high,1908.0,400.0,fire_hydrant_branch,PE,hidden,360,361
253,0.1,0.0011574074074074073,1121,mapped_to_skeleton,40.176421167837454,high,yes,,high,1120.0,400.0,fire_hydrant,steel,visible,362,362
254,0.2,0.0023148148148148147,745,mapped_to_skeleton,193.4581854743773,high,yes,,high,2494.0,400.0,fire_hydrant,steel,visible,362,363
255,9.6,0.1111111111111111,1154,mapped_to_skeleton,242.723215111806,low,no,crs_sensitive_node_assignment,high,1880.0,400.0,premise_network,PPR,hidden,362,364
256,20.0,0.23148148148148145,,out_of_model_unresolved,,low,no,proxy_geographic_anchor;out_of_model_network_gap,very_low,,,mid_zone_main,PE,visible,364,364
