net,level,budget,algo,metric,median,q1,q3,n,wilcoxon_p_vs_gd,a12_vs_gd
city_d,L1,200,cma,loss,0.5020488977238778,0.4558346374449328,0.8427856586640063,5,0.0625,0.0
city_d,L1,200,cma,sub_rmse,28.932847134003158,26.579570781617274,29.29575700510001,5,0.0625,0.0
city_d,L1,200,cma,info_rmse,31.958850748652917,31.837233964735386,32.98698098413597,5,0.0625,0.0
city_d,L1,200,cma,val_frame_rmse,0.7574290802922298,0.7444244445320567,0.9477991683455964,5,0.0625,0.0
city_d,L1,200,de,loss,0.5181176507709312,0.5102352001043675,0.6176702089539552,5,0.0625,0.0
city_d,L1,200,de,sub_rmse,25.81373759158319,25.6064445083798,25.906621656136455,5,0.0625,0.0
city_d,L1,200,de,info_rmse,29.921712379805015,28.378801648030198,31.51149535673459,5,0.0625,0.0
city_d,L1,200,de,val_frame_rmse,0.7964608539188116,0.7460198559081057,0.8393972624262148,5,0.0625,0.0
city_d,L1,200,hybrid,loss,0.5181173681624465,0.5102351474659975,0.6176701781162969,5,0.0625,0.0
city_d,L1,200,hybrid,sub_rmse,25.81373759158319,25.6064445083798,25.906621656136455,5,0.0625,0.0
city_d,L1,200,hybrid,info_rmse,29.921712379805015,28.378801648030198,31.51149535673459,5,0.0625,0.0
city_d,L1,200,hybrid,val_frame_rmse,0.7964608539188116,0.7460198559081057,0.8393972624262148,5,0.0625,0.0
city_d,L1,200,pso,loss,0.45087943509938877,0.3330141368295414,0.5692006048087183,5,0.0625,0.0
city_d,L1,200,pso,sub_rmse,22.620550101040678,20.3761863072475,23.46170711596527,5,0.0625,0.0
city_d,L1,200,pso,info_rmse,27.557964459154693,27.2344209688133,31.552431559594822,5,0.0625,0.0
city_d,L1,200,pso,val_frame_rmse,0.7043683871841481,0.618109254743092,0.8009909735081094,5,0.0625,0.0
city_d,L1,200,sa,loss,10.363494999815755,4.117299948133396,10.596773258642006,5,0.0625,0.0
city_d,L1,200,sa,sub_rmse,32.68973862659722,30.411614915527213,35.689147834528455,5,0.0625,0.0
city_d,L1,200,sa,info_rmse,37.10363639588846,26.35362884964675,38.27945993796749,5,0.0625,0.0
city_d,L1,200,sa,val_frame_rmse,3.3303104784826054,2.109659692718585,3.373438481250975,5,0.0625,0.0
city_d,L1,500,cma,loss,0.4358700504130993,0.3770675607441672,0.45327905517367006,5,0.0625,0.0
city_d,L1,500,cma,sub_rmse,29.29575700510001,28.82003896844761,31.46324214931831,5,0.0625,0.0
city_d,L1,500,cma,info_rmse,33.541156937293195,33.31325611680012,34.60696628350307,5,0.0625,0.0
city_d,L1,500,cma,val_frame_rmse,0.7303150634788719,0.656064650940527,0.7401904801242066,5,0.0625,0.0
city_d,L1,500,de,loss,0.3586648036866735,0.35361919723232593,0.402352521171608,5,0.0625,0.0
city_d,L1,500,de,sub_rmse,23.819979073762354,21.851548377059167,27.818832097395322,5,0.0625,0.0
city_d,L1,500,de,info_rmse,32.682907808134175,30.312647446547427,33.34417388320962,5,0.0625,0.0
city_d,L1,500,de,val_frame_rmse,0.6411702792304984,0.6367508131617841,0.6594993049904373,5,0.0625,0.0
city_d,L1,500,hybrid,loss,0.35866461685901596,0.3536191096765606,0.4023524925544931,5,0.0625,0.0
city_d,L1,500,hybrid,sub_rmse,23.819979073762354,21.851548377059167,27.818832097395322,5,0.0625,0.0
city_d,L1,500,hybrid,info_rmse,32.682907808134175,30.312647446547427,33.34417388320962,5,0.0625,0.0
city_d,L1,500,hybrid,val_frame_rmse,0.6411702792304984,0.6367508131617841,0.6594993049904373,5,0.0625,0.0
city_d,L1,500,pso,loss,0.3014215393285681,0.2694367238788574,0.3209551452995315,5,0.0625,0.0
city_d,L1,500,pso,sub_rmse,23.54939724880435,23.141434283588897,25.050856173828016,5,0.0625,0.0
city_d,L1,500,pso,info_rmse,31.64413572589285,30.07335689210438,31.919057887756672,5,0.0625,0.0
city_d,L1,500,pso,val_frame_rmse,0.5969710090454251,0.5380080725790601,0.5983108517929346,5,0.0625,0.0
city_d,L1,500,sa,loss,10.363494999815755,4.117299948133396,10.596773258642006,5,0.0625,0.0
city_d,L1,500,sa,sub_rmse,35.689147834528455,32.68973862659722,39.119973113223324,5,0.0625,0.0
city_d,L1,500,sa,info_rmse,38.27945993796749,37.10363639588846,40.81482560344189,5,0.0625,0.0
city_d,L1,500,sa,val_frame_rmse,3.3303104784826054,2.109659692718585,3.373438481250975,5,0.0625,0.0
city_d,L1,1000,cma,loss,0.26547135101814245,0.2614102830388041,0.28177697888895054,5,0.0625,0.0
city_d,L1,1000,cma,sub_rmse,29.726580947622587,25.600297342390576,30.052466997201016,5,0.0625,0.0
city_d,L1,1000,cma,info_rmse,36.478307785774334,34.79247213416675,36.994301032399434,5,0.0625,0.0
city_d,L1,1000,cma,val_frame_rmse,0.5628512287734999,0.5564043833545527,0.5734930816200237,5,0.0625,0.0
city_d,L1,1000,de,loss,0.2765106106572181,0.2603452088244304,0.3145231796913021,5,0.0625,0.0
city_d,L1,1000,de,sub_rmse,25.112647325171302,25.017446727489972,25.249323973867465,5,0.0625,0.0
city_d,L1,1000,de,info_rmse,33.73145112971704,31.526258656886935,34.45556531541524,5,0.0625,0.0
city_d,L1,1000,de,val_frame_rmse,0.5748110139320556,0.5341939323674947,0.58683522722979,5,0.0625,0.0
city_d,L1,1000,hybrid,loss,0.00951701842257738,0.008841276162205345,0.009619047734110724,5,0.3125,0.44
city_d,L1,1000,hybrid,sub_rmse,10.852087006439,9.677389061811668,11.20951693473849,5,0.8125,0.6
city_d,L1,1000,hybrid,info_rmse,29.07204689912164,28.96110429377185,29.516687422350767,5,0.0625,0.0
city_d,L1,1000,hybrid,val_frame_rmse,0.10085645145994178,0.10050157330453384,0.10165959115975345,5,0.625,0.36
city_d,L1,1000,pso,loss,0.15571643279471187,0.12753016124273192,0.22546283454173344,5,0.0625,0.0
city_d,L1,1000,pso,sub_rmse,22.980642672407374,22.165407478830495,23.425653735941786,5,0.0625,0.0
city_d,L1,1000,pso,info_rmse,32.67434588765582,31.33946300559203,33.254570451250345,5,0.0625,0.0
city_d,L1,1000,pso,val_frame_rmse,0.40068992931699715,0.3988285251669963,0.48607049458238305,5,0.0625,0.0
city_d,L1,1000,sa,loss,10.363490258172652,4.117299776268438,10.596770987951617,5,0.0625,0.0
city_d,L1,1000,sa,sub_rmse,35.689147834550035,32.68973862658943,39.1199731133324,5,0.0625,0.0
city_d,L1,1000,sa,info_rmse,38.2794599379382,37.10363639584942,40.814825603458196,5,0.0625,0.0
city_d,L1,1000,sa,val_frame_rmse,3.3303104784805737,2.109659692716835,3.373438481227411,5,0.0625,0.0
city_d,L1,2000,cma,loss,0.24881623422424232,0.23722989963045082,0.25909003064371255,5,0.0625,0.0
city_d,L1,2000,cma,sub_rmse,24.72048501590278,22.750156821926073,31.117542092660564,5,0.0625,0.0
city_d,L1,2000,cma,info_rmse,37.88952993016341,36.994301032399434,38.46512723412711,5,0.0625,0.0
city_d,L1,2000,cma,val_frame_rmse,0.5304422279432291,0.5249581075746717,0.5334670155185425,5,0.0625,0.0
city_d,L1,2000,de,loss,0.14491716215013917,0.13690910476355408,0.16131369467833326,5,0.0625,0.0
city_d,L1,2000,de,sub_rmse,21.170847517715362,19.46723439483425,21.207152051133114,5,0.0625,0.0
city_d,L1,2000,de,info_rmse,31.52986906415064,31.436483199471837,33.132508233953956,5,0.0625,0.0
city_d,L1,2000,de,val_frame_rmse,0.4006283062037221,0.37683800053058736,0.4129881873701937,5,0.0625,0.0
city_d,L1,2000,hybrid,loss,0.009399687169418006,0.008805898772846427,0.009571472582004352,5,0.0625,0.6
city_d,L1,2000,hybrid,sub_rmse,10.945111391768128,10.397835893158648,13.338004708708425,5,0.4375,0.44
city_d,L1,2000,hybrid,info_rmse,28.445403076106775,28.363528481018125,28.935662239549274,5,0.0625,0.0
city_d,L1,2000,hybrid,val_frame_rmse,0.10069492973828134,0.10037258156439995,0.10181390775520628,5,0.625,0.36
city_d,L1,2000,pso,loss,0.07999625943529781,0.0757446477444547,0.09172510844172599,5,0.0625,0.0
city_d,L1,2000,pso,sub_rmse,21.213056548532908,18.752566814338493,21.55674469159274,5,0.0625,0.0
city_d,L1,2000,pso,info_rmse,34.946871835207496,34.807765865032756,35.054565682294964,5,0.0625,0.0
city_d,L1,2000,pso,val_frame_rmse,0.29542770155742915,0.27489403050660877,0.3190062434262745,5,0.0625,0.0
hanoi,L0,200,cma,loss,160.52958589171467,123.49471149631677,185.3416940834437,30,1.862645149230957e-09,0.0
hanoi,L0,200,cma,sub_rmse,33.67003314073973,30.132990785927056,36.81855789190482,30,1.862645149230957e-09,0.0
hanoi,L0,200,cma,info_rmse,36.27898048948257,33.48666563279258,37.63835622790581,30,1.862645149230957e-09,0.0
hanoi,L0,200,cma,val_frame_rmse,12.668178832892742,11.115075922679765,13.610839643924475,30,1.862645149230957e-09,0.0
hanoi,L0,200,de,loss,76.71026771804208,65.22252148286731,83.74127647670454,30,1.862645149230957e-09,0.0
hanoi,L0,200,de,sub_rmse,22.99493699324256,20.917268950225683,26.994666216302956,30,1.862645149230957e-09,0.0
hanoi,L0,200,de,info_rmse,28.093077100859055,26.353783709809278,30.430267082633264,30,1.862645149230957e-09,0.0
hanoi,L0,200,de,val_frame_rmse,8.757969949861577,8.07658017111133,9.150558088661807,30,1.862645149230957e-09,0.0
hanoi,L0,200,hybrid,loss,87.59976361414253,71.36840741656847,94.77457955167095,30,1.862645149230957e-09,0.0
hanoi,L0,200,hybrid,sub_rmse,23.415217396256246,20.270291124055607,24.631578914012184,30,1.862645149230957e-09,0.0
hanoi,L0,200,hybrid,info_rmse,26.64347861830286,24.94366226669547,28.6893016083149,30,1.862645149230957e-09,0.0
hanoi,L0,200,hybrid,val_frame_rmse,9.361000111551162,8.453123212280278,9.735297967872066,30,1.862645149230957e-09,0.0
hanoi,L0,200,pso,loss,62.51908603702694,54.76659779436484,76.34428189184064,30,1.862645149230957e-09,0.0
hanoi,L0,200,pso,sub_rmse,21.89741780176785,19.336664761780646,24.818089018516876,30,1.862645149230957e-09,0.0
hanoi,L0,200,pso,info_rmse,25.21819952980592,23.892085981896816,29.02241038753469,30,1.862645149230957e-09,0.0
hanoi,L0,200,pso,val_frame_rmse,7.906231260891279,7.400095542995685,8.738400723778097,30,1.862645149230957e-09,0.0
hanoi,L0,200,sa,loss,173.44554409172883,147.51303136296437,196.3125524429512,30,1.862645149230957e-09,0.0
hanoi,L0,200,sa,sub_rmse,31.095092402827376,29.113701900601953,33.55290665138543,30,1.862645149230957e-09,0.0
hanoi,L0,200,sa,info_rmse,31.679300111368125,30.07907785479586,34.285249593899785,30,1.862645149230957e-09,0.0
hanoi,L0,200,sa,val_frame_rmse,13.169770185123461,12.143224232087343,14.028162238650385,30,1.862645149230957e-09,0.0
hanoi,L0,600,cma,loss,99.68314168997075,77.93742518050011,115.5976456145679,30,1.862645149230957e-09,0.0
hanoi,L0,600,cma,sub_rmse,29.9114018823038,26.96833534080892,33.424814460878814,30,1.862645149230957e-09,0.0
hanoi,L0,600,cma,info_rmse,34.9446214275882,32.29372775588968,36.277435455324074,30,1.862645149230957e-09,0.0
hanoi,L0,600,cma,val_frame_rmse,9.982601471558763,8.82761462752406,10.750440092721346,30,1.862645149230957e-09,0.0
hanoi,L0,600,de,loss,53.624089924718646,40.03443166923448,61.199034749864545,30,1.862645149230957e-09,0.0
hanoi,L0,600,de,sub_rmse,22.2698240832404,19.74619317501396,23.711519903744723,30,1.862645149230957e-09,0.0
hanoi,L0,600,de,info_rmse,26.9952114643567,25.289431418944268,28.86415018374624,30,1.862645149230957e-09,0.0
hanoi,L0,600,de,val_frame_rmse,7.320277746878755,6.329119466799442,7.826901713230338,30,1.862645149230957e-09,0.0
hanoi,L0,600,hybrid,loss,61.26674181516853,53.18648368842594,69.82193646666622,30,1.862645149230957e-09,0.0
hanoi,L0,600,hybrid,sub_rmse,21.407606366261994,19.23650887264055,23.336803644581924,30,1.862645149230957e-09,0.0
hanoi,L0,600,hybrid,info_rmse,27.444627915527185,24.63791825363642,29.543057680437432,30,1.862645149230957e-09,0.0
hanoi,L0,600,hybrid,val_frame_rmse,7.830569839817203,7.293189789380576,8.358142012242618,30,1.862645149230957e-09,0.0
hanoi,L0,600,pso,loss,36.86202445724683,29.804377041775254,45.4024504573015,30,1.862645149230957e-09,0.0
hanoi,L0,600,pso,sub_rmse,21.09775747378682,19.011807947837674,22.643020827645024,30,1.862645149230957e-09,0.0
hanoi,L0,600,pso,info_rmse,26.266452110991352,24.498299154835202,29.147282560746454,30,1.862645149230957e-09,0.0
hanoi,L0,600,pso,val_frame_rmse,6.071731964894741,5.460834384674011,6.73765267762297,30,1.862645149230957e-09,0.0
hanoi,L0,600,sa,loss,15.068067742726548,11.99224634422365,20.735069848550026,30,1.862645149230957e-09,0.0
hanoi,L0,600,sa,sub_rmse,15.992364324409554,13.372025283445195,18.628408416817607,30,1.862645149230957e-09,0.0
hanoi,L0,600,sa,info_rmse,22.58434732742324,20.52400079969479,27.268374153183153,30,1.862645149230957e-09,0.0
hanoi,L0,600,sa,val_frame_rmse,3.882360621940982,3.466298145789358,4.555678254948014,30,1.862645149230957e-09,0.0
hanoi,L0,1000,cma,loss,74.53205765336442,65.243488246859,79.93215492165709,30,1.862645149230957e-09,0.0
hanoi,L0,1000,cma,sub_rmse,28.110832088569055,24.79832469597952,30.764074880611393,30,1.862645149230957e-09,0.0
hanoi,L0,1000,cma,info_rmse,34.2307473363099,32.90140041509503,36.629880947387925,30,1.862645149230957e-09,0.0
hanoi,L0,1000,cma,val_frame_rmse,8.631249470158934,8.077186119218762,8.941900961770925,30,1.862645149230957e-09,0.0
hanoi,L0,1000,de,loss,32.29845011158177,26.052383392933326,39.77499004816433,30,1.862645149230957e-09,0.0
hanoi,L0,1000,de,sub_rmse,19.996428329403884,18.32531039113973,23.081632031723533,30,1.862645149230957e-09,0.0
hanoi,L0,1000,de,info_rmse,26.464295964696184,24.617830773098703,28.655091451412293,30,1.862645149230957e-09,0.0
hanoi,L0,1000,de,val_frame_rmse,5.684772680169381,5.1034165825500555,6.3050486718895575,30,1.862645149230957e-09,0.0
hanoi,L0,1000,hybrid,loss,44.86890249146195,35.652744491523634,58.31151128014673,30,1.862645149230957e-09,0.0
hanoi,L0,1000,hybrid,sub_rmse,21.004299938549348,18.556800241714406,22.255566610055123,30,1.862645149230957e-09,0.0
hanoi,L0,1000,hybrid,info_rmse,25.809003494820995,24.20357208667673,28.193464929717774,30,1.862645149230957e-09,0.0
hanoi,L0,1000,hybrid,val_frame_rmse,6.698852193022029,5.976015758852463,7.640648999268027,30,1.862645149230957e-09,0.0
hanoi,L0,1000,pso,loss,25.984148843401265,17.69206606341615,30.851357181523916,30,1.862645149230957e-09,0.0
hanoi,L0,1000,pso,sub_rmse,18.698452173280977,17.24273553706736,21.107593676069445,30,1.862645149230957e-09,0.0
hanoi,L0,1000,pso,info_rmse,25.24143891056763,23.756234615163656,28.720707456475935,30,1.862645149230957e-09,0.0
hanoi,L0,1000,pso,val_frame_rmse,5.096786369251571,4.207369853145027,5.552467958673693,30,1.862645149230957e-09,0.0
hanoi,L0,1000,sa,loss,2.673682765264673,2.0423670205960223,3.614101550028633,30,1.862645149230957e-09,0.0
hanoi,L0,1000,sa,sub_rmse,12.47428726073828,10.516697629077843,14.420446487638094,30,1.862645149230957e-09,0.0
hanoi,L0,1000,sa,info_rmse,20.520453988036255,18.441124122726748,25.148156772852264,30,1.862645149230957e-09,0.0
hanoi,L0,1000,sa,val_frame_rmse,1.636614919812678,1.4315778511225425,1.9031534980249152,30,1.862645149230957e-09,0.0
hanoi,L0,2000,cma,loss,30.146035330876813,21.71097677937059,53.0525636436881,30,1.862645149230957e-09,0.0
hanoi,L0,2000,cma,sub_rmse,22.984591485738008,20.942952500941978,27.311318061568283,30,1.862645149230957e-09,0.0
hanoi,L0,2000,cma,info_rmse,32.31298308113077,29.929473016768174,34.198111466037275,30,1.862645149230957e-09,0.0
hanoi,L0,2000,cma,val_frame_rmse,5.487247551397826,4.658868359867691,7.277919521607355,30,1.862645149230957e-09,0.0
hanoi,L0,2000,de,loss,15.160333250555533,9.632034879252318,19.477708379349224,30,1.862645149230957e-09,0.0
hanoi,L0,2000,de,sub_rmse,16.46371505917245,14.721669221511522,18.992170908524713,30,1.862645149230957e-09,0.0
hanoi,L0,2000,de,info_rmse,23.975825581054274,21.94119548510784,25.337229401211033,30,1.862645149230957e-09,0.0
hanoi,L0,2000,de,val_frame_rmse,3.8928732802380273,3.1068685615830005,4.413999004172748,30,1.862645149230957e-09,0.0
hanoi,L0,2000,hybrid,loss,29.82623521368498,23.79692154701197,33.07651192192461,30,1.862645149230957e-09,0.0
hanoi,L0,2000,hybrid,sub_rmse,18.153529484127347,15.030517996671634,22.04363054337865,30,1.862645149230957e-09,0.0
hanoi,L0,2000,hybrid,info_rmse,24.819907786119646,22.718779368486356,26.613230859476705,30,1.862645149230957e-09,0.0
hanoi,L0,2000,hybrid,val_frame_rmse,5.462104836599732,4.876624340702668,5.750228789256077,30,1.862645149230957e-09,0.0
hanoi,L0,2000,pso,loss,9.592776181160463,6.989679326482971,11.559847469519385,30,1.862645149230957e-09,0.0
hanoi,L0,2000,pso,sub_rmse,17.115767413117027,13.904821949911199,19.028876311583716,30,1.862645149230957e-09,0.0
hanoi,L0,2000,pso,info_rmse,24.47725246574651,21.6136626958577,27.118396972414725,30,1.862645149230957e-09,0.0
hanoi,L0,2000,pso,val_frame_rmse,3.1023414148251307,2.6413708017543645,3.40208495816864,30,1.862645149230957e-09,0.0
hanoi,L0,2000,sa,loss,0.7537943861079708,0.5932859412864644,1.0371609098621621,30,1.862645149230957e-09,0.0
hanoi,L0,2000,sa,sub_rmse,10.250005879348148,9.250733439526822,13.347938779874006,30,1.862645149230957e-09,0.0
hanoi,L0,2000,sa,info_rmse,17.150358638672344,14.76155053452616,19.693935615178397,30,1.862645149230957e-09,0.0
hanoi,L0,2000,sa,val_frame_rmse,0.8666186956800985,0.7704082709734835,1.0183084215159093,30,1.862645149230957e-09,0.0
hanoi,L0,5000,cma,loss,2.032009004164287,1.2039857904839861,2.718111795465603,30,1.862645149230957e-09,0.0
hanoi,L0,5000,cma,sub_rmse,16.50207814606167,13.644905720232739,19.916352614114587,30,1.862645149230957e-09,0.0
hanoi,L0,5000,cma,info_rmse,25.49095254352258,22.858194425959255,26.963616578396362,30,1.862645149230957e-09,0.0
hanoi,L0,5000,cma,val_frame_rmse,1.4275938200730913,1.101125469552624,1.6492149228474373,30,1.862645149230957e-09,0.0
hanoi,L0,5000,de,loss,2.8631199205495976,2.088098895933555,3.352648776881884,30,1.862645149230957e-09,0.0
hanoi,L0,5000,de,sub_rmse,13.916646094956537,11.859399946530633,16.95089179516836,30,1.862645149230957e-09,0.0
hanoi,L0,5000,de,info_rmse,20.42845057237179,17.568770819846907,21.586683312923945,30,1.862645149230957e-09,0.0
hanoi,L0,5000,de,val_frame_rmse,1.6950938760225958,1.4530938114263712,1.8322585109617004,30,1.862645149230957e-09,0.0
hanoi,L0,5000,hybrid,loss,10.16195009901596,7.339964346324183,13.708958641507019,30,1.862645149230957e-09,0.0
hanoi,L0,5000,hybrid,sub_rmse,14.439327572049564,12.651180823163774,17.54019192510782,30,1.862645149230957e-09,0.0
hanoi,L0,5000,hybrid,info_rmse,22.816969716492448,19.73824706014571,24.346913089017743,30,1.862645149230957e-09,0.0
hanoi,L0,5000,hybrid,val_frame_rmse,3.1977353319092012,2.7125107583883272,3.704622340066217,30,1.862645149230957e-09,0.0
hanoi,L0,5000,pso,loss,2.0224383438681937,1.5451852875445469,3.200914236740858,30,1.862645149230957e-09,0.0
hanoi,L0,5000,pso,sub_rmse,15.848563476498335,13.371642051638354,16.720668576121156,30,1.862645149230957e-09,0.0
hanoi,L0,5000,pso,info_rmse,21.73398455734983,18.769963446909358,24.346871684927887,30,1.862645149230957e-09,0.0
hanoi,L0,5000,pso,val_frame_rmse,1.4287977000702043,1.250174165658518,1.7938418653058155,30,1.862645149230957e-09,0.0
hanoi,L0,5000,sa,loss,0.03894154467168038,0.026956690199801243,0.05013419171115469,30,1.862645149230957e-09,0.0
hanoi,L0,5000,sa,sub_rmse,8.498207162225686,7.169952794517224,11.441248310468945,30,1.862645149230957e-09,0.0
hanoi,L0,5000,sa,info_rmse,12.528826932863131,11.238178193044291,15.15800973711599,30,1.862645149230957e-09,0.0
hanoi,L0,5000,sa,val_frame_rmse,0.19998904870858086,0.16533229815239747,0.23251985392161284,30,1.862645149230957e-09,0.0
hanoi,L0,10000,cma,loss,0.0636307405437321,0.049292170294488055,0.0863134430988862,30,1.862645149230957e-09,0.0
hanoi,L0,10000,cma,sub_rmse,13.62402995451292,10.75632894367027,17.159829047854235,30,1.862645149230957e-09,0.0
hanoi,L0,10000,cma,info_rmse,17.391023596594128,15.714651983590418,19.305107330612827,30,1.862645149230957e-09,0.0
hanoi,L0,10000,cma,val_frame_rmse,0.2528102580331742,0.22227423172850935,0.29895950202193894,30,1.862645149230957e-09,0.0
hanoi,L0,10000,de,loss,0.527471847702556,0.38204619567978915,0.7534413303782354,30,1.862645149230957e-09,0.0
hanoi,L0,10000,de,sub_rmse,13.239884991655362,9.92162716328978,15.625072375908974,30,1.862645149230957e-09,0.0
hanoi,L0,10000,de,info_rmse,16.02462336163118,13.845824275506745,18.808248420280222,30,1.862645149230957e-09,0.0
hanoi,L0,10000,de,val_frame_rmse,0.7347147185143807,0.6312711687162829,0.8708915611356751,30,1.862645149230957e-09,0.0
hanoi,L0,10000,hybrid,loss,2.6724468386254765e-06,5.458917464129402e-28,2.363206656205357e-05,30,0.00010934595587753716,0.3
hanoi,L0,10000,hybrid,sub_rmse,1.6417477181483773,4.6192317908246494e-12,3.817261207675826,30,3.049522638320923e-05,0.3
hanoi,L0,10000,hybrid,info_rmse,1.2713506830059274,3.545983811923421e-12,2.9892918111168734,30,3.049522638320923e-05,0.3
hanoi,L0,10000,hybrid,val_frame_rmse,0.00158804541366658,2.3348025027309215e-14,0.004909942228526332,30,3.049522638320923e-05,0.3
hanoi,L0,10000,pso,loss,0.5083840923336589,0.3152213706842687,0.8311294969266216,30,1.862645149230957e-09,0.0
hanoi,L0,10000,pso,sub_rmse,14.430784386297223,10.928575287937761,16.231627111195507,30,1.862645149230957e-09,0.0
hanoi,L0,10000,pso,info_rmse,19.349752724881924,17.243488102490076,22.95056536023762,30,1.862645149230957e-09,0.0
hanoi,L0,10000,pso,val_frame_rmse,0.7211514232369981,0.5733809387210992,0.914706059604738,30,1.862645149230957e-09,0.0
hanoi,L0,20000,cma,loss,0.0021601728384830193,0.0006321476708597274,0.00380874906574319,30,1.862645149230957e-09,0.0
hanoi,L0,20000,cma,sub_rmse,9.794525366257824,3.878222450455277,14.377437173759258,30,1.862645149230957e-09,0.0
hanoi,L0,20000,cma,info_rmse,10.294626593815938,7.6226698670491935,12.1588009933822,30,1.862645149230957e-09,0.0
hanoi,L0,20000,cma,val_frame_rmse,0.04632847305798301,0.025585456333438283,0.06316716088081895,30,1.862645149230957e-09,0.0
hanoi,L0,20000,de,loss,0.09726912055401743,0.060874638724950726,0.16149756305662147,30,1.862645149230957e-09,0.0
hanoi,L0,20000,de,sub_rmse,11.584059814966086,8.903078158542417,15.090308779187954,30,1.862645149230957e-09,0.0
hanoi,L0,20000,de,info_rmse,13.747412868438907,12.251562779299755,16.64829080771387,30,1.862645149230957e-09,0.0
hanoi,L0,20000,de,val_frame_rmse,0.32295491006110244,0.24680785106280126,0.40427927697005184,30,1.862645149230957e-09,0.0
hanoi,L0,20000,hybrid,loss,2.2966472359488756e-06,5.458917464129402e-28,9.533657922214035e-06,30,0.00010934595587753716,0.3
hanoi,L0,20000,hybrid,sub_rmse,1.526896500639701,4.6192317908246494e-12,2.94082021967729,30,3.049522638320923e-05,0.3
hanoi,L0,20000,hybrid,info_rmse,1.1870669046613633,3.545983811923421e-12,2.2715768386487434,30,3.049522638320923e-05,0.3
hanoi,L0,20000,hybrid,val_frame_rmse,0.001475115343117343,2.3348025027309215e-14,0.0031004336998033157,30,3.049522638320923e-05,0.3
hanoi,L0,20000,pso,loss,0.13221474932851773,0.0920205176718317,0.4197051869593639,30,1.862645149230957e-09,0.0
hanoi,L0,20000,pso,sub_rmse,13.595382932432454,10.11231412736403,15.72823658998351,30,1.862645149230957e-09,0.0
hanoi,L0,20000,pso,info_rmse,17.597874346789776,14.826506106454866,21.962366088939845,30,1.862645149230957e-09,0.0
hanoi,L0,20000,pso,val_frame_rmse,0.37475892526053567,0.3051714371685738,0.6520831186520291,30,1.862645149230957e-09,0.0
hanoi,L1,200,cma,loss,136.96694156066542,112.36320378794906,162.87877830859776,30,1.862645149230957e-09,0.0
hanoi,L1,200,cma,sub_rmse,32.249248676420834,29.087670090039133,36.03915673337333,30,1.862645149230957e-09,0.0
hanoi,L1,200,cma,info_rmse,34.66148222440427,31.35410188271843,37.031629587397916,30,1.862645149230957e-09,0.0
hanoi,L1,200,cma,val_frame_rmse,11.705651110189228,10.595224265858239,12.752195337167372,30,1.862645149230957e-09,0.0
hanoi,L1,200,de,loss,88.55679026140453,65.53856184522377,112.51358572202726,30,1.862645149230957e-09,0.0
hanoi,L1,200,de,sub_rmse,24.39782354304745,21.174739852458988,27.662009823158513,30,1.862645149230957e-09,0.0
hanoi,L1,200,de,info_rmse,29.2255585985434,25.58069115224267,30.08086618374727,30,1.862645149230957e-09,0.0
hanoi,L1,200,de,val_frame_rmse,9.421502265242072,8.093361286048038,10.61073194812996,30,1.862645149230957e-09,0.0
hanoi,L1,200,hybrid,loss,87.14211947418903,73.24417410961425,110.12475108062904,30,1.862645149230957e-09,0.0
hanoi,L1,200,hybrid,sub_rmse,24.525750835651735,22.140931358829917,26.70494255278418,30,1.862645149230957e-09,0.0
hanoi,L1,200,hybrid,info_rmse,26.674141288677554,24.550540071126314,30.01048887547477,30,1.862645149230957e-09,0.0
hanoi,L1,200,hybrid,val_frame_rmse,9.339001260309983,8.566622727653822,10.494306626313266,30,1.862645149230957e-09,0.0
hanoi,L1,200,pso,loss,62.33894291629055,50.64073473687976,73.29531582976477,30,1.862645149230957e-09,0.0
hanoi,L1,200,pso,sub_rmse,22.833426880648666,20.120937247041496,24.82666768418807,30,1.862645149230957e-09,0.0
hanoi,L1,200,pso,info_rmse,25.300512009460643,23.350809775847257,28.184519561438716,30,1.862645149230957e-09,0.0
hanoi,L1,200,pso,val_frame_rmse,7.900176946661341,7.118233254522929,8.562446526652735,30,1.862645149230957e-09,0.0
hanoi,L1,200,sa,loss,210.9417771342005,139.9451175001962,234.3364804208856,30,1.862645149230957e-09,0.0
hanoi,L1,200,sa,sub_rmse,32.44193592298963,30.334996354474992,33.947995606416015,30,1.862645149230957e-09,0.0
hanoi,L1,200,sa,info_rmse,31.162355386017122,29.799892258361503,33.05366242673,30,1.862645149230957e-09,0.0
hanoi,L1,200,sa,val_frame_rmse,14.52414130341253,11.817426202193491,15.309312108027882,30,1.862645149230957e-09,0.0
hanoi,L1,600,cma,loss,104.24095093989418,91.53713950274998,117.70731957273088,30,1.862645149230957e-09,0.0
hanoi,L1,600,cma,sub_rmse,31.731654566652466,28.51472931149861,33.482734652733065,30,1.862645149230957e-09,0.0
hanoi,L1,600,cma,info_rmse,35.36612559049561,32.16346879611895,37.48887204343238,30,1.862645149230957e-09,0.0
hanoi,L1,600,cma,val_frame_rmse,10.197057952802004,9.562579227020718,10.84996698698747,30,1.862645149230957e-09,0.0
hanoi,L1,600,de,loss,52.41546051305087,39.45603023742426,64.32319946686846,30,1.862645149230957e-09,0.0
hanoi,L1,600,de,sub_rmse,21.80523407749317,18.25589138889687,24.407980177864694,30,1.862645149230957e-09,0.0
hanoi,L1,600,de,info_rmse,26.253473236650848,24.3539473329921,29.520143075876227,30,1.862645149230957e-09,0.0
hanoi,L1,600,de,val_frame_rmse,7.241911643922647,6.280142164471931,8.017888103463147,30,1.862645149230957e-09,0.0
hanoi,L1,600,hybrid,loss,57.505435997582914,48.82695368988182,78.06885524257055,30,1.862645149230957e-09,0.0
hanoi,L1,600,hybrid,sub_rmse,22.532008210182482,20.15935439701019,25.958078304851774,30,1.862645149230957e-09,0.0
hanoi,L1,600,hybrid,info_rmse,27.137892300335956,24.109763056114673,30.480923979251262,30,1.862645149230957e-09,0.0
hanoi,L1,600,hybrid,val_frame_rmse,7.588491716088562,6.985987693343607,8.832648799693178,30,1.862645149230957e-09,0.0
hanoi,L1,600,pso,loss,36.231871328848484,29.61701226324286,41.42788824824831,30,1.862645149230957e-09,0.0
hanoi,L1,600,pso,sub_rmse,20.96799117524233,18.723645288154707,22.680160123708227,30,1.862645149230957e-09,0.0
hanoi,L1,600,pso,info_rmse,25.201363691702404,23.128276454136234,28.289541629542022,30,1.862645149230957e-09,0.0
hanoi,L1,600,pso,val_frame_rmse,6.01319473448182,5.4478916882433355,6.4260701238678175,30,1.862645149230957e-09,0.0
hanoi,L1,600,sa,loss,24.756878042612687,18.505085934523816,37.364645202237455,30,1.862645149230957e-09,0.0
hanoi,L1,600,sa,sub_rmse,17.586229495425123,16.09269291437971,21.107339154560535,30,1.862645149230957e-09,0.0
hanoi,L1,600,sa,info_rmse,23.315070983714577,20.776582523269827,27.273653386408178,30,1.862645149230957e-09,0.0
hanoi,L1,600,sa,val_frame_rmse,4.977002668163335,4.303229295800157,6.124364901871565,30,1.862645149230957e-09,0.0
hanoi,L1,1000,cma,loss,77.70491831612674,67.42986883392462,91.35474216587549,30,1.862645149230957e-09,0.0
hanoi,L1,1000,cma,sub_rmse,29.997658679674167,27.78602908602487,32.44495081218359,30,1.862645149230957e-09,0.0
hanoi,L1,1000,cma,info_rmse,33.904360737494756,31.360787611582715,35.919310005084434,30,1.862645149230957e-09,0.0
hanoi,L1,1000,cma,val_frame_rmse,8.814843920085803,8.198613548558919,9.556001466925512,30,1.862645149230957e-09,0.0
hanoi,L1,1000,de,loss,35.13300947886211,29.36201080458199,38.991508549223326,30,1.862645149230957e-09,0.0
hanoi,L1,1000,de,sub_rmse,19.516734063578813,17.313125495558467,21.94338504589587,30,1.862645149230957e-09,0.0
hanoi,L1,1000,de,info_rmse,25.824529536062343,24.631787135617557,28.79704957392174,30,1.862645149230957e-09,0.0
hanoi,L1,1000,de,val_frame_rmse,5.911339470917839,5.419704781181869,6.257467944330129,30,1.862645149230957e-09,0.0
hanoi,L1,1000,hybrid,loss,41.467206063908705,36.43924605092241,47.6317576021475,30,1.862645149230957e-09,0.0
hanoi,L1,1000,hybrid,sub_rmse,19.15027293686056,17.49866091886879,23.129099125567123,30,1.862645149230957e-09,0.0
hanoi,L1,1000,hybrid,info_rmse,26.08189338004801,24.25194370015168,27.708368724871853,30,1.862645149230957e-09,0.0
hanoi,L1,1000,hybrid,val_frame_rmse,6.441385728278908,6.033620795765352,6.900883082564394,30,1.862645149230957e-09,0.0
hanoi,L1,1000,pso,loss,23.2772960995702,20.558602275394907,27.578533796758126,30,1.862645149230957e-09,0.0
hanoi,L1,1000,pso,sub_rmse,19.29516197916808,17.714989202557486,21.960778178334063,30,1.862645149230957e-09,0.0
hanoi,L1,1000,pso,info_rmse,24.436747921171182,22.658945421519423,27.342301936513866,30,1.862645149230957e-09,0.0
hanoi,L1,1000,pso,val_frame_rmse,4.826249004296757,4.533909953230442,5.247271566302246,30,1.862645149230957e-09,0.0
hanoi,L1,1000,sa,loss,3.113861225319941,2.570528951967817,4.440334920010264,30,1.862645149230957e-09,0.0
hanoi,L1,1000,sa,sub_rmse,13.074284453726479,11.541931560945427,14.845001444836267,30,1.862645149230957e-09,0.0011111111111111111
hanoi,L1,1000,sa,info_rmse,19.935736158113784,18.357854581375452,23.859399762156396,30,1.862645149230957e-09,0.0
hanoi,L1,1000,sa,val_frame_rmse,1.761903634371767,1.620747207635291,2.105832137922202,30,1.862645149230957e-09,0.0
hanoi,L1,2000,cma,loss,30.2852802752791,22.66580596634043,45.6723965243828,30,1.862645149230957e-09,0.0
hanoi,L1,2000,cma,sub_rmse,24.303284368763528,20.14585070038297,26.622326164305726,30,1.862645149230957e-09,0.0
hanoi,L1,2000,cma,info_rmse,31.890370971608228,29.346706064076304,33.793835474529864,30,1.862645149230957e-09,0.0
hanoi,L1,2000,cma,val_frame_rmse,5.4994668104556546,4.771334073372836,6.7745412001276755,30,1.862645149230957e-09,0.0
hanoi,L1,2000,de,loss,15.817059285800003,11.737779026979323,21.35520762305946,30,1.862645149230957e-09,0.0
hanoi,L1,2000,de,sub_rmse,16.578868294120493,13.374796295103149,18.767411804646112,30,1.862645149230957e-09,0.0
hanoi,L1,2000,de,info_rmse,23.283800741158664,22.078660957013362,26.108441256073906,30,1.862645149230957e-09,0.0
hanoi,L1,2000,de,val_frame_rmse,3.979892640970699,3.420132967440933,4.62829412852667,30,1.862645149230957e-09,0.0
hanoi,L1,2000,hybrid,loss,26.348880106374043,19.645946592866924,32.02100056427524,30,1.862645149230957e-09,0.0
hanoi,L1,2000,hybrid,sub_rmse,18.340856429088255,17.243219070089122,21.693390566967377,30,1.862645149230957e-09,0.0
hanoi,L1,2000,hybrid,info_rmse,26.60894287121975,24.325564992941825,28.576675679349446,30,1.862645149230957e-09,0.0
hanoi,L1,2000,hybrid,val_frame_rmse,5.1241316934470245,4.435477963481398,5.660552613810699,30,1.862645149230957e-09,0.0
hanoi,L1,2000,pso,loss,9.784281265989641,7.535516041933979,12.94980362750726,30,1.862645149230957e-09,0.0
hanoi,L1,2000,pso,sub_rmse,17.131289822217898,15.418763019870575,19.733080018554386,30,1.862645149230957e-09,0.0
hanoi,L1,2000,pso,info_rmse,24.552070077317307,22.280052096125985,25.648588613029354,30,1.862645149230957e-09,0.0
hanoi,L1,2000,pso,val_frame_rmse,3.136091846707445,2.7533791233509275,3.598745185256427,30,1.862645149230957e-09,0.0
hanoi,L1,2000,sa,loss,0.8805612764920692,0.7254086378507005,0.986474134806597,30,1.862645149230957e-09,0.0
hanoi,L1,2000,sa,sub_rmse,10.719676633114414,8.823473896112759,14.638498516988708,30,1.862645149230957e-09,0.015555555555555555
hanoi,L1,2000,sa,info_rmse,17.183383715861325,15.593400978208432,19.111118699617794,30,1.862645149230957e-09,0.0
hanoi,L1,2000,sa,val_frame_rmse,0.9327107740870065,0.8387055793462634,1.002488474250411,30,1.862645149230957e-09,0.0
hanoi,L1,5000,cma,loss,1.3544066629658187,1.0590198793874734,2.0600278683556192,30,1.862645149230957e-09,0.0
hanoi,L1,5000,cma,sub_rmse,16.801245105902048,12.684719104940285,18.023084094399447,30,1.862645149230957e-09,0.016666666666666666
hanoi,L1,5000,cma,info_rmse,23.279173484461786,21.882617448969526,24.414611893854953,30,1.862645149230957e-09,0.0
hanoi,L1,5000,cma,val_frame_rmse,1.1756262984342092,1.0470669956030205,1.4404505288392704,30,1.862645149230957e-09,0.0
hanoi,L1,5000,de,loss,2.3253936777860975,1.8688813282454837,3.4593186521827866,30,1.862645149230957e-09,0.0
hanoi,L1,5000,de,sub_rmse,13.003403319850516,11.060410528105402,15.592602373617332,30,1.862645149230957e-09,0.0011111111111111111
hanoi,L1,5000,de,info_rmse,18.919272345395406,17.297563113799118,21.48077000451506,30,1.862645149230957e-09,0.0
hanoi,L1,5000,de,val_frame_rmse,1.539771188209597,1.3780379518006205,1.8667996260500965,30,1.862645149230957e-09,0.0
hanoi,L1,5000,hybrid,loss,10.937221192836205,9.303307153165271,13.738935553113887,30,1.862645149230957e-09,0.0
hanoi,L1,5000,hybrid,sub_rmse,15.25246146307305,12.205415126410005,18.585331571214688,30,1.862645149230957e-09,0.0
hanoi,L1,5000,hybrid,info_rmse,24.37881981214896,20.84979323489625,26.39729785127863,30,1.862645149230957e-09,0.0
hanoi,L1,5000,hybrid,val_frame_rmse,3.311303170779025,3.0512252819152845,3.707519183436602,30,1.862645149230957e-09,0.0
hanoi,L1,5000,pso,loss,2.207130842437797,1.5696264255018588,2.647574925726048,30,1.862645149230957e-09,0.0
hanoi,L1,5000,pso,sub_rmse,14.342524310272156,11.900089823153088,18.393766838994054,30,3.725290298461914e-09,0.012222222222222223
hanoi,L1,5000,pso,info_rmse,22.07871447807012,19.652823427245977,23.810647526487596,30,1.862645149230957e-09,0.0
hanoi,L1,5000,pso,val_frame_rmse,1.489510306318085,1.2519413227537735,1.6235402931440728,30,1.862645149230957e-09,0.0
hanoi,L1,5000,sa,loss,0.0393678892764697,0.03440087551661686,0.061732403956133206,30,1.862645149230957e-09,0.0
hanoi,L1,5000,sa,sub_rmse,8.36144558798208,7.276816180224241,13.555367355060135,30,9.313225746154785e-09,0.09333333333333334
hanoi,L1,5000,sa,info_rmse,13.463156368359094,10.580671866534015,14.645362700403586,30,1.862645149230957e-09,0.0
hanoi,L1,5000,sa,val_frame_rmse,0.20250753508556202,0.1860547365352494,0.25089776015164783,30,1.862645149230957e-09,0.0
hanoi,L1,10000,cma,loss,0.06062747329562351,0.05159394547285016,0.07663878706831051,30,1.862645149230957e-09,0.0
hanoi,L1,10000,cma,sub_rmse,11.658483262417246,9.405066413149468,15.049343266808204,30,4.6566128730773926e-08,0.06666666666666667
hanoi,L1,10000,cma,info_rmse,15.27318490562498,13.186515527152906,17.095330863284197,30,1.862645149230957e-09,0.0
hanoi,L1,10000,cma,val_frame_rmse,0.2537392046464627,0.2196633799374878,0.28680405089940897,30,1.862645149230957e-09,0.0
hanoi,L1,10000,de,loss,0.43742643485002025,0.3274153812164735,0.7423778392767733,30,1.862645149230957e-09,0.0
hanoi,L1,10000,de,sub_rmse,10.79949060508256,8.777243262708751,14.24446258370796,30,3.5390257835388184e-08,0.027777777777777776
hanoi,L1,10000,de,info_rmse,16.259182836817555,13.949868417471839,18.046019821534163,30,1.862645149230957e-09,0.0
hanoi,L1,10000,de,val_frame_rmse,0.6722755303980834,0.5853474330947811,0.8651398503129768,30,1.862645149230957e-09,0.0
hanoi,L1,10000,hybrid,loss,0.009735840701641199,0.009183982403803397,0.009982710918086637,30,3.049522638320923e-05,0.45666666666666667
hanoi,L1,10000,hybrid,sub_rmse,3.392478830376507,2.0261978080506116,5.261700330185285,30,0.935398668050766,0.5033333333333333
hanoi,L1,10000,hybrid,info_rmse,2.968933613061748,2.134442221006376,4.428656348084845,30,0.7151329666376114,0.5011111111111111
hanoi,L1,10000,hybrid,val_frame_rmse,0.10432984534765596,0.09868983237458037,0.1073962791801481,30,0.1641840822994709,0.4777777777777778
hanoi,L1,10000,pso,loss,0.5336809477187052,0.3954761554278641,0.8257797792911432,30,1.862645149230957e-09,0.0
hanoi,L1,10000,pso,sub_rmse,12.379170574391871,10.705610074718354,17.522227710212032,30,5.587935447692871e-09,0.014444444444444444
hanoi,L1,10000,pso,info_rmse,19.265546059694497,17.592077694505402,22.216018506037138,30,1.862645149230957e-09,0.0
hanoi,L1,10000,pso,val_frame_rmse,0.7500734834316563,0.6372500705362776,0.9175738677699519,30,1.862645149230957e-09,0.0
hanoi,L1,20000,cma,loss,0.010707591923837825,0.010183808771108792,0.011890498478765422,30,1.862645149230957e-09,0.12444444444444444
hanoi,L1,20000,cma,sub_rmse,7.168950237664738,4.259792294364042,11.538446446499307,30,0.0004183966666460037,0.24222222222222223
hanoi,L1,20000,cma,info_rmse,7.959869592284145,6.568328162417875,9.416324347282831,30,1.862645149230957e-09,0.044444444444444446
hanoi,L1,20000,cma,val_frame_rmse,0.10894301116232877,0.10581181388212493,0.11482092786717879,30,3.2391399145126343e-06,0.25333333333333335
hanoi,L1,20000,de,loss,0.09262609259826232,0.05046195741870381,0.15245691919176677,30,1.862645149230957e-09,0.0
hanoi,L1,20000,de,sub_rmse,10.347650393372511,7.4516377912792136,12.923903141159158,30,3.5390257835388184e-08,0.056666666666666664
hanoi,L1,20000,de,info_rmse,12.61175137102709,11.03773207421489,14.630827796118202,30,1.862645149230957e-09,0.0
hanoi,L1,20000,de,val_frame_rmse,0.3169014542233257,0.23283726592211867,0.3950915838921572,30,1.862645149230957e-09,0.0
hanoi,L1,20000,hybrid,loss,0.009722692708618814,0.009177892584960854,0.009973539567392161,30,0.03098480962216854,0.4711111111111111
hanoi,L1,20000,hybrid,sub_rmse,3.781357378777462,2.2473857724282147,5.084749131405713,30,0.6554384250193834,0.4988888888888889
hanoi,L1,20000,hybrid,info_rmse,3.315356039490703,2.1842532884226014,4.3675416001815055,30,0.7000329215079546,0.4866666666666667
hanoi,L1,20000,hybrid,val_frame_rmse,0.10436334074192052,0.09875937148690961,0.1074696628683536,30,0.12413446232676506,0.47888888888888886
hanoi,L1,20000,pso,loss,0.13914386278723495,0.09251550742946761,0.28142394755627836,30,1.862645149230957e-09,0.0
hanoi,L1,20000,pso,sub_rmse,11.355744895321724,9.317637793924968,17.64111048490744,30,9.313225746154785e-09,0.023333333333333334
hanoi,L1,20000,pso,info_rmse,17.65061007934394,15.563344150934691,20.730402604878975,30,1.862645149230957e-09,0.0
hanoi,L1,20000,pso,val_frame_rmse,0.3850899165667233,0.30839589107099413,0.544538871280926,30,1.862645149230957e-09,0.0
