net,level,algo,target,budget,frac_reached,n
city_d,L1,cma,loss,200,0.0,5
city_d,L1,cma,loss,500,0.0,5
city_d,L1,cma,loss,1000,0.0,5
city_d,L1,cma,loss,2000,0.0,5
city_d,L1,cma,sub_rmse,200,0.0,5
city_d,L1,cma,sub_rmse,500,0.0,5
city_d,L1,cma,sub_rmse,1000,0.0,5
city_d,L1,cma,sub_rmse,2000,0.0,5
city_d,L1,de,loss,200,0.0,5
city_d,L1,de,loss,500,0.0,5
city_d,L1,de,loss,1000,0.0,5
city_d,L1,de,loss,2000,0.0,5
city_d,L1,de,sub_rmse,200,0.0,5
city_d,L1,de,sub_rmse,500,0.0,5
city_d,L1,de,sub_rmse,1000,0.0,5
city_d,L1,de,sub_rmse,2000,0.0,5
city_d,L1,hybrid,loss,200,0.0,5
city_d,L1,hybrid,loss,500,0.0,5
city_d,L1,hybrid,loss,1000,1.0,5
city_d,L1,hybrid,loss,2000,1.0,5
city_d,L1,hybrid,sub_rmse,200,0.0,5
city_d,L1,hybrid,sub_rmse,500,0.0,5
city_d,L1,hybrid,sub_rmse,1000,0.8,5
city_d,L1,hybrid,sub_rmse,2000,0.8,5
city_d,L1,pso,loss,200,0.0,5
city_d,L1,pso,loss,500,0.0,5
city_d,L1,pso,loss,1000,0.0,5
city_d,L1,pso,loss,2000,0.0,5
city_d,L1,pso,sub_rmse,200,0.0,5
city_d,L1,pso,sub_rmse,500,0.0,5
city_d,L1,pso,sub_rmse,1000,0.0,5
city_d,L1,pso,sub_rmse,2000,0.0,5
city_d,L1,sa,loss,200,0.0,5
city_d,L1,sa,loss,500,0.0,5
city_d,L1,sa,loss,1000,0.0,5
city_d,L1,sa,loss,2000,0.0,5
city_d,L1,sa,sub_rmse,200,0.0,5
city_d,L1,sa,sub_rmse,500,0.0,5
city_d,L1,sa,sub_rmse,1000,0.0,5
city_d,L1,sa,sub_rmse,2000,0.0,5
city_d,L1,gradient,loss,200,0.6,5
city_d,L1,gradient,loss,500,1.0,5
city_d,L1,gradient,loss,1000,1.0,5
city_d,L1,gradient,loss,2000,1.0,5
city_d,L1,gradient,sub_rmse,200,0.6,5
city_d,L1,gradient,sub_rmse,500,1.0,5
city_d,L1,gradient,sub_rmse,1000,1.0,5
city_d,L1,gradient,sub_rmse,2000,1.0,5
hanoi,L0,cma,loss,200,0.0,30
hanoi,L0,cma,loss,600,0.0,30
hanoi,L0,cma,loss,1000,0.0,30
hanoi,L0,cma,loss,2000,0.0,30
hanoi,L0,cma,loss,5000,0.0,30
hanoi,L0,cma,loss,10000,0.0,30
hanoi,L0,cma,loss,20000,0.0,30
hanoi,L0,cma,sub_rmse,200,0.0,30
hanoi,L0,cma,sub_rmse,600,0.0,30
hanoi,L0,cma,sub_rmse,1000,0.0,30
hanoi,L0,cma,sub_rmse,2000,0.0,30
hanoi,L0,cma,sub_rmse,5000,0.0,30
hanoi,L0,cma,sub_rmse,10000,0.0,30
hanoi,L0,cma,sub_rmse,20000,0.0,30
hanoi,L0,de,loss,200,0.0,30
hanoi,L0,de,loss,600,0.0,30
hanoi,L0,de,loss,1000,0.0,30
hanoi,L0,de,loss,2000,0.0,30
hanoi,L0,de,loss,5000,0.0,30
hanoi,L0,de,loss,10000,0.0,30
hanoi,L0,de,loss,20000,0.0,30
hanoi,L0,de,sub_rmse,200,0.0,30
hanoi,L0,de,sub_rmse,600,0.0,30
hanoi,L0,de,sub_rmse,1000,0.0,30
hanoi,L0,de,sub_rmse,2000,0.0,30
hanoi,L0,de,sub_rmse,5000,0.0,30
hanoi,L0,de,sub_rmse,10000,0.0,30
hanoi,L0,de,sub_rmse,20000,0.0,30
hanoi,L0,hybrid,loss,200,0.0,30
hanoi,L0,hybrid,loss,600,0.0,30
hanoi,L0,hybrid,loss,1000,0.0,30
hanoi,L0,hybrid,loss,2000,0.0,30
hanoi,L0,hybrid,loss,5000,0.0,30
hanoi,L0,hybrid,loss,10000,0.3,30
hanoi,L0,hybrid,loss,20000,0.3,30
hanoi,L0,hybrid,sub_rmse,200,0.0,30
hanoi,L0,hybrid,sub_rmse,600,0.0,30
hanoi,L0,hybrid,sub_rmse,1000,0.0,30
hanoi,L0,hybrid,sub_rmse,2000,0.0,30
hanoi,L0,hybrid,sub_rmse,5000,0.0,30
hanoi,L0,hybrid,sub_rmse,10000,0.3,30
hanoi,L0,hybrid,sub_rmse,20000,0.3,30
hanoi,L0,pso,loss,200,0.0,30
hanoi,L0,pso,loss,600,0.0,30
hanoi,L0,pso,loss,1000,0.0,30
hanoi,L0,pso,loss,2000,0.0,30
hanoi,L0,pso,loss,5000,0.0,30
hanoi,L0,pso,loss,10000,0.0,30
hanoi,L0,pso,loss,20000,0.0,30
hanoi,L0,pso,sub_rmse,200,0.0,30
hanoi,L0,pso,sub_rmse,600,0.0,30
hanoi,L0,pso,sub_rmse,1000,0.0,30
hanoi,L0,pso,sub_rmse,2000,0.0,30
hanoi,L0,pso,sub_rmse,5000,0.0,30
hanoi,L0,pso,sub_rmse,10000,0.0,30
hanoi,L0,pso,sub_rmse,20000,0.0,30
hanoi,L0,sa,loss,200,0.0,30
hanoi,L0,sa,loss,600,0.0,30
hanoi,L0,sa,loss,1000,0.0,30
hanoi,L0,sa,loss,2000,0.0,30
hanoi,L0,sa,loss,5000,0.0,30
hanoi,L0,sa,loss,10000,0.0,30
hanoi,L0,sa,loss,20000,0.0,30
hanoi,L0,sa,sub_rmse,200,0.0,30
hanoi,L0,sa,sub_rmse,600,0.0,30
hanoi,L0,sa,sub_rmse,1000,0.0,30
hanoi,L0,sa,sub_rmse,2000,0.0,30
hanoi,L0,sa,sub_rmse,5000,0.0,30
hanoi,L0,sa,sub_rmse,10000,0.0,30
hanoi,L0,sa,sub_rmse,20000,0.0,30
hanoi,L0,gradient,loss,200,0.0,1
hanoi,L0,gradient,loss,600,0.0,1
hanoi,L0,gradient,loss,1000,1.0,1
hanoi,L0,gradient,loss,2000,1.0,1
hanoi,L0,gradient,loss,5000,1.0,1
hanoi,L0,gradient,loss,10000,1.0,1
hanoi,L0,gradient,loss,20000,1.0,1
hanoi,L0,gradient,sub_rmse,200,0.0,1
hanoi,L0,gradient,sub_rmse,600,0.0,1
hanoi,L0,gradient,sub_rmse,1000,1.0,1
hanoi,L0,gradient,sub_rmse,2000,1.0,1
hanoi,L0,gradient,sub_rmse,5000,1.0,1
hanoi,L0,gradient,sub_rmse,10000,1.0,1
hanoi,L0,gradient,sub_rmse,20000,1.0,1
hanoi,L1,cma,loss,200,0.0,30
hanoi,L1,cma,loss,600,0.0,30
hanoi,L1,cma,loss,1000,0.0,30
hanoi,L1,cma,loss,2000,0.0,30
hanoi,L1,cma,loss,5000,0.0,30
hanoi,L1,cma,loss,10000,0.0,30
hanoi,L1,cma,loss,20000,0.3,30
hanoi,L1,cma,sub_rmse,200,0.0,30
hanoi,L1,cma,sub_rmse,600,0.0,30
hanoi,L1,cma,sub_rmse,1000,0.0,30
hanoi,L1,cma,sub_rmse,2000,0.0,30
hanoi,L1,cma,sub_rmse,5000,0.0,30
hanoi,L1,cma,sub_rmse,10000,0.1,30
hanoi,L1,cma,sub_rmse,20000,0.26666666666666666,30
hanoi,L1,de,loss,200,0.0,30
hanoi,L1,de,loss,600,0.0,30
hanoi,L1,de,loss,1000,0.0,30
hanoi,L1,de,loss,2000,0.0,30
hanoi,L1,de,loss,5000,0.0,30
hanoi,L1,de,loss,10000,0.0,30
hanoi,L1,de,loss,20000,0.0,30
hanoi,L1,de,sub_rmse,200,0.0,30
hanoi,L1,de,sub_rmse,600,0.0,30
hanoi,L1,de,sub_rmse,1000,0.0,30
hanoi,L1,de,sub_rmse,2000,0.0,30
hanoi,L1,de,sub_rmse,5000,0.03333333333333333,30
hanoi,L1,de,sub_rmse,10000,0.06666666666666667,30
hanoi,L1,de,sub_rmse,20000,0.1,30
hanoi,L1,hybrid,loss,200,0.0,30
hanoi,L1,hybrid,loss,600,0.0,30
hanoi,L1,hybrid,loss,1000,0.0,30
hanoi,L1,hybrid,loss,2000,0.0,30
hanoi,L1,hybrid,loss,5000,0.0,30
hanoi,L1,hybrid,loss,10000,0.9666666666666667,30
hanoi,L1,hybrid,loss,20000,0.9666666666666667,30
hanoi,L1,hybrid,sub_rmse,200,0.0,30
hanoi,L1,hybrid,sub_rmse,600,0.0,30
hanoi,L1,hybrid,sub_rmse,1000,0.0,30
hanoi,L1,hybrid,sub_rmse,2000,0.0,30
hanoi,L1,hybrid,sub_rmse,5000,0.0,30
hanoi,L1,hybrid,sub_rmse,10000,0.6333333333333333,30
hanoi,L1,hybrid,sub_rmse,20000,0.7333333333333333,30
hanoi,L1,pso,loss,200,0.0,30
hanoi,L1,pso,loss,600,0.0,30
hanoi,L1,pso,loss,1000,0.0,30
hanoi,L1,pso,loss,2000,0.0,30
hanoi,L1,pso,loss,5000,0.0,30
hanoi,L1,pso,loss,10000,0.0,30
hanoi,L1,pso,loss,20000,0.0,30
hanoi,L1,pso,sub_rmse,200,0.0,30
hanoi,L1,pso,sub_rmse,600,0.0,30
hanoi,L1,pso,sub_rmse,1000,0.0,30
hanoi,L1,pso,sub_rmse,2000,0.0,30
hanoi,L1,pso,sub_rmse,5000,0.03333333333333333,30
hanoi,L1,pso,sub_rmse,10000,0.06666666666666667,30
hanoi,L1,pso,sub_rmse,20000,0.06666666666666667,30
hanoi,L1,sa,loss,200,0.0,30
hanoi,L1,sa,loss,600,0.0,30
hanoi,L1,sa,loss,1000,0.0,30
hanoi,L1,sa,loss,2000,0.0,30
hanoi,L1,sa,loss,5000,0.0,30
hanoi,L1,sa,loss,10000,0.0,30
hanoi,L1,sa,loss,20000,0.0,30
hanoi,L1,sa,sub_rmse,200,0.0,30
hanoi,L1,sa,sub_rmse,600,0.0,30
hanoi,L1,sa,sub_rmse,1000,0.0,30
hanoi,L1,sa,sub_rmse,2000,0.0,30
hanoi,L1,sa,sub_rmse,5000,0.06666666666666667,30
hanoi,L1,sa,sub_rmse,10000,0.06666666666666667,30
hanoi,L1,sa,sub_rmse,20000,0.06666666666666667,30
hanoi,L1,gradient,loss,200,0.0,30
hanoi,L1,gradient,loss,600,0.6666666666666666,30
hanoi,L1,gradient,loss,1000,1.0,30
hanoi,L1,gradient,loss,2000,1.0,30
hanoi,L1,gradient,loss,5000,1.0,30
hanoi,L1,gradient,loss,10000,1.0,30
hanoi,L1,gradient,loss,20000,1.0,30
hanoi,L1,gradient,sub_rmse,200,0.0,30
hanoi,L1,gradient,sub_rmse,600,0.6666666666666666,30
hanoi,L1,gradient,sub_rmse,1000,1.0,30
hanoi,L1,gradient,sub_rmse,2000,1.0,30
hanoi,L1,gradient,sub_rmse,5000,1.0,30
hanoi,L1,gradient,sub_rmse,10000,1.0,30
hanoi,L1,gradient,sub_rmse,20000,1.0,30
